YBR082C,YBR082C_62,60,MSSSKRIAKELSDLERDPPTSCSAGPVGDDLYHWQASIMGPADSPYAGGVFFLSIHFPTDYPFKP
YDR304C,YDR304C_62,60,MKLQFFSFITLFACLFTTAIFAKEDTAEDPEITHKVYFDINHGDKQIGRIVMGLYGLTTPQTVEN
YLR048W,YLR048W_71,66,FDLTPEDAQLLLAANTHLGARNVQVHQEPYVFNARPDGVHVINVGKTWEKLVLAARIIAAIPNPE
YER074W,YER074W_69,67,RTRKVISNPLLARKQFVVDVLHPNRANVSKDELREKLAEVYKAEKDAVSVFGFRTQFGGGKSVGF
YIL069C,YIL069C_69,67,RTRKVISNPLLARKQFVVDVLHPNRANVSKDELREKLAEVYKAEKDAVSVFGFRTQFGGGKSVGF
YOL040C,YOL040C_76,67,KKRVFKTHSYRGVDLEKLLEMSTEDFVKLAPARVRRRFARGMTSKPAGFMKKLRAAKLAAPENEK
YAL003W,YAL003W_73,71,LKQLNASLADKSYIEGTAVSQADVTVFKAFQSAYPEFSRWFNHIASKADEFDSFPAASAAAAEEE
YER043C,YER043C_71,71,DISLAAFGRKEIELAEHEMPGLMAIRKAYGDVQPLKGARIAGCLHMTIQTAVLIETLVALGAEVT
YLR104W,YLR104W_74,71,FALFIFGSTGVNAFFNFGHHQQQQQQQQQSYEDQVLNNPCDGYLCPDTLTCVAQQKDCPCPFPKS
YPR043W,YPR043W_72,71,GKYGVRYGSSLRRQVKKLEIQQHARYDCSFCGKKTVKRGAAGIWTCSCCKKTVAGGAYTVSTAAA
YBL028C,YBL028C_73,73,KSVKRRGVFQKAVDAREQRISDKLKEDLLKQKLEDLKKKEEQGIDMDVDEKKSNEEAPRKKISTS
YIL133C,YIL133C_73,73,HLVGRLASVVAKQLLNGQKIVVVRAEELNISGEFFRNKLKYHDFLRKATAFNKTRGPFHFRAPSR
YDR450W,YDR450W_79,76,LLNTNVDGNIKIVYALTTIKGVGRRYSNLVCKKADVDLHKRAGELTQEELERIVQIMQNPTHYKI
YKL081W,YKL081W_77,76,SEALISYFKLDVKIVDLEQSSEFASLFPLKQAPAFLGPKGLKLTEALAIQFYLANQVADEKERAR
YML026C,YML026C_80,76,LLNTNVDGNIKIVYALTTIKGVGRRYSNLVCKKADVDLHKRAGELTQEELERIVQIMQNPTHYKI
YPL131W,YPL131W_81,76,QTPFRRRREGKTDYYQRKRLVTQHKAKYNTPKYRLVVRFTNKDIICQIISSTITGDVVLAAAYSH
YGR082W,YGR082W_80,78,ALSATGYAIYFDYQRRNSPQFRKVLRQRAKEQAKMEEQAKTHAKEVKLQKVTEFLSMELAKDPIP
YKR042W,YKR042W_84,78,PAVHHSDNHHHNDKRAVVTVTQYVNADGAVVIPAATTATSAAADGKVESVAAATTTLSSTAAAAT
YNL327W,YNL327W_79,78,NALTQTQPILKDIQITDSYTKTKECTDPDHWFIIEGQLSIPKGSQQNITFQVPDAFSSFPQEPFS
YOR247W,YOR247W_82,78,AIYSNNTVSTTTTLAPSYSLVPQETTISYADDTTTFFVTSTVYSTSWFTSTSATITNAASSSLST
YLR179C,YLR179C_84,80,DLAFEILGELSVSYVDSDDIKLGNPMPMEATQAAPTIKFTPFDKSQLSAEDKLALLMTDPDAPSR
YOR361C,YOR361C_85,82,HSIVSRNTQLKRSKIIQMTTETFEDIKLEDIPVDDIDFSDLEEQYKVTEEFNFDQYIVVNGAPVI
YAL012W,YAL012W_86,83,GSVIEPISLSTTFKQSSPANPIGTYEYSRSQNPNRENLERAVAALENAQYGLAFSSGSATTATIL
YLR150W,YLR150W_85,83,EIVKSNTSSKKADVPPPSADPSKARKNRPRPSGNEGAIRDKTAGRRNNRSKDVTDSATTKKSNTR
YLR167W,YLR167W_90,85,VKSKIQDKEGIPPDQQRLIFAGKQLEDGRTLSDYNIQKESTLHLVLRLRGGGKKRKKKVYTTPKK
YKR042W,YKR042W_93,86,HHHNDKRAVVTVTQYVNADGAVVIPAATTATSAAADGKVESVAAATTTLSSTAAAATTSAAASSS
YER043C,YER043C_90,87,HEMPGLMAIRKAYGDVQPLKGARIAGCLHMTIQTAVLIETLVALGAEVTWSSCNIYSTQDHAAAA
YGR049W,YGR049W_90,87,VISITTPINVLTQHLKNVLCTLGCWSTVLGGLATGAFGLSYYLAAPGERPNYLLCGLGVAPLSAA
YNL031C,YNL031C_88,87,KSAPSTGGVKKPHRYKPGTVALREIRRFQKSTELLIRKLPFQRLVREIAQDFKTDLRFQSSAIGA
YBL092W,YBL092W_90,88,AENWRKQKGIDSVVRRRFRGNISQPKIGYGSNKKTKFLSPSGHKTFLVANVKDLETLTMHTKTYA
YMR230W,YMR230W_92,88,QAKHEEIDTKNLYVIKALQSLTSKGYVKTQFSWQYYYYTLTEEGVEYLREYLNLPEHIVPGTYIQ
YBR010W,YBR010W_89,89,APSTGGVKKPHRYKPGTVALREIRRFQKSTELLIRKLPFQRLVREIAQDFKTDLRFQSSAIGALQ
YDR432W,YDR432W_93,90,APDAPQEPQVPQESAPQESAPQEPPAPQEQNDVPPPSNAPIYEGEESHSVQDYQEAHQHHQPPEP
YKL060C,YKL060C_94,90,FAIPAINVTSSSTAVAALEAARDSKSPIILQTSNGGAAYFAGKGISNEGQNASIKGAIAAAHYIR
YMR202W,YMR202W_92,90,FDPKTLNEICNSVISKHNAAEGLSTEDLLQDVRDALASHYGDEYINRYVKEEWVFNNAGGAMGQM
YPL143W,YPL143W_92,90,KIEGVATPQDAQFYLGKRIAYVYRASKEVRGSKIRVMWGKVTRTHGNSGVVRATFRNNLPAKTFG
YOR234C,YOR234C_97,91,IEGVATPQEAQFYLGKRIAYVYRASKEVRGSKIRVMWGKVTRTHGNSGVVRATFRNNLPAKTFGA
YER003C,YER003C_94,92,SDPSVQIEQDKPYAELWMGTHSKMPSYNHESKESLRDIISKNPSAMLGKDIIDKFHATNELPFLF
YGR214W,YGR214W_92,92,QEPYVFNARPDGVHVINVGKTWEKLVLAARIIAAIPNPEDVVAISSRTFGQRAVLKFAAHTGATP
YHR025W,YHR025W_93,92,LDVTIDSSQAQETNDDPNNCKLSYTKESEGYSTVPLRSDANLITRTALYVLRCNNIRNFPSGTKV
YEL037C,YEL037C_99,93,SISCEESQIKLIYSGKVLQDSKTVSECGLKDGDQVVFMVSQKKSTKTKVTEPPIAPESATTPGRE
YIL034C,YIL034C_98,93,NLAQDLLSSVDVPLSTQKDSADSNREYLCCDYNRDIDSFRSPWSNTYYPELSPKDLQDSPFPSAP
YIL123W,YIL123W_93,93,KRAVAYKYVYETVVVDSDGHTVTPAASEVATAATSAIITTSVLAPTSSAAAADSSASIAVSSAAL
YJL158C,YJL158C_98,95,TGSISCGAAEYTTTFGIAVQAITSSKAKRDVISQIGDGQVQATSAATAQATDSQAQATTTATPTS
YDR084C,YDR084C_99,96,GSMFLNFTPQFITVVLLLSFDFYLTKNITGRKLVQLRWWYDSTDVNKDSNFTFESYKQYAPGPPI
YGR279C,YGR279C_101,96,VQKQTTIIVNGAASTPVAALEENAVVNSAPAAATSTTSSAASVATAAASSSENNSQVSAAASPAS
YMR230W,YMR230W_99,96,TKNLYVIKALQSLTSKGYVKTQFSWQYYYYTLTEEGVEYLREYLNLPEHIVPGTYIQERNPSQRP
YFL010C,YFL010C_102,97,WEPPRGTTWPRPKGPPPGVNNEKSSRQQADQAPPPYSSQSTPQVQAGAQAQQPRYYQPQQPQYPQ
YLR110C,YLR110C_105,97,TSCEDHVCSETVSPALVSTATVTVDDVITQYTTWCPLTTEAPKNGTSTAAPVTSTEAPKNTTSAA
YLR390W-A,YLR390W-A_97,97,SSSTCDSLNQVTCYCEHENSAVKKCLDSICPNNDADAAYSAFKSSCSEQNASLGDSSSSASSSAS
YJL217W,YJL217W_104,99,RETFYGFTRDSGHFLGVETGSAFTAQVRVQGSYESLYDQAGIMVRIDDGHWLKAGIEISDGHAML
YPR183W,YPR183W_104,101,VDDNSQDGSVEEVDALAHQGYNVRIIVRTNERGLSSAVLKGFYEAKGQYLVCMDADLQHPPETVP
YEL027W,YEL027W_108,103,VLRPDLLFKNIVPVIMAGIIAIYGLVVSVLVCYSLGQKQALYTGFIQLGAGLSVGLSGLAAGFAI
YHR013C,YHR013C_108,103,SFVATTTTLDCEDSDEQDENDKLELTLDGTNDGRTIKLDPTYLAPGEKLVGYVLVKMNDDPDQQN
YKR094C,YKR094C_106,103,IFAGKQLEDGRTLSDYNIQKESTLHLVLRLRGGIIEPSLKALASKYNCDKSVCRKCYARLPPRAT
YLR029C,YLR029C_106,104,PDKARRLGYKAKQGFVIYRVRVRRGNRKRPVPKGATYGKPTNQGVNELKYQRSLRATAEERVGRR
YGR167W,YGR167W_108,105,ILETEASPAKDDDEIRDFEEQFPDINSANGAVSSDQNGSATVSSGNDNGEADDDFSTFEGANQST
YOR276W,YOR276W_111,105,NSHHVGHFGRRRSSHHHGRPKIKHNKPKVTTDSDGWCTFEAKKKGSGEDDEEETETTPTSTVPVA
YNL066W,YNL066W_108,106,VAVTYVYETVTVDKNGQTVTPTSTEASSTVASTTTLISESSVTKSSSKVASSSESTEQIATTSSS
YOL092W,YOL092W_108,106,LLFVVLWLAGDVFNLMGAVMQHLLSTMIILAAYYTVADIILLGQCLWYDNEEKPAVDPIHLSPAN
YBR067C,YBR067C_110,109,NSGFQIPSDVLSVYQQVMTYTDDAYTTLFSELDFDAITKTIVKLPWYTTRLSSEIAAALASVSPA
YOR383C,YOR383C_112,109,DSYASSTSAAESSAAETSAAETSAAATTSAAATTSAAETSSAAETSSADEGSGSSITTTITATKN
YGL189C,YGL189C_114,110,RDLSEASVYPEYALPKTYNKLHYCVSCAIHARIVRVRSREDRKNRAPPQRPRFNRENKVSPADAA
YBR048W,YBR048W_111,111,SYIDKKCPFTGLVSIRGKILTGTVVSTKMHRTIVIRRAYLHYIPKYNRYEKRHKNVPVHVSPAFR
YDR025W,YDR025W_112,111,SYIDKKCPFTGLVSIRGKILTGTVVSTKMHRTIVIRRAYLHYIPKYNRYEKRHKNVPVHVSPAFR
YDR155C,YDR155C_114,112,RVIPDFMLQGGDFTAGNGTGGKSIYGGKFPDENFKKHHDRPGLLSMANAGPNTNGSQFFITTVPC
YMR298W,YMR298W_117,112,CTPIKEPQSGSVIKLWARGGPSCDKRGEYKTIVKRITRDYEPNDEHLSFCIIENDNVPPVHYPIH
YMR305C,YMR305C_113,112,VPVNENAVVATTSSTAVASQATTSTLEPTTSANVVTSQQQTSTLQSSEAASTVGSSTSSSPSSSS
YLR208W,YLR208W_114,113,GPVWRVDWAHPKFGTILASCSYDGKVLIWKEENGRWSQIAVHAVHSASVNSVQWAPHEYGPLLLV
YGR192C,YGR192C_114,114,AGEVSHDDKHIIVDGKKIATYQERDPANLPWGSSNVDIAIDSTGVFKELDTAQKHIDAGAKKVVI
YFL010C,YFL010C_119,115,VNNEKSSRQQADQAPPPYSSQSTPQVQAGAQAQQPRYYQPQQPQYPQYPQQQRYYPQQAPMPAAA
YHR162W,YHR162W_120,115,SLLSTALIWTRWSFVIKPRNILLASVNSFLCLTAGYQLGRIANYRIRNGDSISQLCSYILSGADE
YIL053W,YIL053W_118,115,WRTYDAIAKFAPDFADEEYVNKLEGEIPEKYGEHSIEVPGAVKLCNALNALPKEKWAVATSGTRD
YKL164C,YKL164C_115,115,TASSKAKRAAAISQIGDGQIQATTKTTAAAVSQIGDGQIQATTKTKAAAVSQIGDGQIQATTKTT
YMR079W,YMR079W_119,115,STLLRFLRARKFDVQLAKEMFENCEKWRKDYGTDTILQDFHYDEKPLIAKFYPQYYHKTDKDGRP
YOR369C,YOR369C_121,116,ALLVVLVSSVTEANIIKLVEGLANDPENKVPLIKVADAKQLGEWAGLGKIDREGNARKVVGASVV
YLR301W,YLR301W_120,117,NETVKANDQGNGVVTQDFNFWLDTNVYLNVPNTHRGEVNTTWKNWDSGCVEETGAVYPFGADKES
YOR382W,YOR382W_127,117,TVVVSNSDATYTKVVTEGPDTTSEKSTTKTLTLTNGSGSSTNLYTKTVTQAVESSTSSSSSSSSS
YKL152C,YKL152C_126,118,SRAIQTANIALEKADRLWIPVNRSWRLNERHYGDLQGKDKAETLKKFGEEKFNTYRRSFDVPPPP
YMR307W,YMR307W_124,118,TSGSTVNDPLANYESCSRDIPYLKKLNTNVIRVYAINTTLDHSECMKALNDADIYVIADLAAPAT
YLR109W,YLR109W_120,119,PTCTVSHIPGYINYLDELVKEKEVDQVIVVTVDNPFANQAWAKSLGVKDTTHIKFASDPGCAFTK
YER145C,YER145C_123,121,CLAIGAGFIGAYYSLQKDIFGSAEDLWEGIFCMIATIMISMMGIPMLRMNKMQSKWRVKIARSLV
YIL123W,YIL123W_124,123,TAATSAIITTSVLAPTSSAAAADSSASIAVSSAALAKNEKISDAAASATASTSQGASSSSSSSSA
YPL231W,YPL231W_127,123,KYESYDAALSLHREILCYSKDAKEIYYTPDPSELAAKEEPAKEEAPAPTPAASAPAPAAAAPAPV
YDL100C,YDL100C_127,124,AFGEKFGKDARKVTGMNNLSCMEIDPSAALKDMNDMAVSRANNNGSDGQGDDLGSLLQGGALADL
YGR253C,YGR253C_124,124,EKIVEIDRHIGCAMSGLTADARSMIEHARTAAVTHNLYYDEDINVESLTQSVCDLALRFGEGASG
YBL002W,YBL002W_128,125,LNSFVNDIFERIATEASKLAAYNKKSTISAREIQTAVRLILPGELAKHAVSEGTRAVTKYSSSTQ
YHR183W,YHR183W_130,125,RPRKVMLLVKAGAPVDALINQIVPLLEKGDIIIDGGNSHFPDSNRRYEELKKKGILFVGSGVSGG
YAR015W,YAR015W_128,126,FLSNDVRNHLVDIAPGKTIFDYLPAKLSEPKYKTQLEDRSLLVHKHKLIPLEVIVRGYITGSAWK
YLR413W,YLR413W_128,126,ALTAPNTTVDTIFGALKAIASTEALSPLLHLLSNAANTSATLSSLTQLAPMALLGTNTATTTTFS
YIL041W,YIL041W_129,127,LIYNHFLGVTAIYENGSYDYPKYINESVNEFSRSVASKLTELTHATSASEAQNILVAPGPIKEPK
YPR028W,YPR028W_131,127,FVLPAYLSLVALKTPTSTDDTQLLTYWIVFSFLSVIEFWSKAILYLIPFYWFLKTVFLIYIALPQ
YBR031W,YBR031W_128,128,RAVARIPRVGGGGTGRSGQGAFGNMCRGGRMFAPTKTWRKWNVKVNHNEKRYATASAIAATAVAS
YMR305C,YMR305C_129,128,VASQATTSTLEPTTSANVVTSQQQTSTLQSSEAASTVGSSTSSSPSSSSSTSSSASSSASSSISA
YJL159W,YJL159W_133,129,AKRAASQIGDGQVQAATTTASVSTKSTAAAVSQIGDGQIQATTKTTAAAVSQIGDGQIQATTKTT
YLL024C,YLL024C_132,130,LIGRNFNDPEVQGDMKHFPFKLIDVDGKPQIQVEFKGETKNFTPEQISSMVLGKMKETAESYLGA
YJL079C,YJL079C_145,132,APPVAPSSASSNSDVVLSALKNLASVWGKTTDSTTTLTSSESTSQSLAQATTTSTPAAASTTSTP
YMR143W,YMR143W_133,132,GHVSQVYAIRQAIAKGLVAYHQKYVDEQSKNELKKAFTSYDRTLLIADSRRPEPKKFGGKGARSR
YML048W,YML048W_134,133,MFHYEADNEENLEELNDSKPLIDQLWPGQLVVPEWKLSKKNIWVYTIIMLAWLYTDLPDAISPTP
YOR209C,YOR209C_137,133,KQEIPYLPSAYIKYISSSNYKLHPEEQISFTSEEIEGKPTHYKLKILVSGSWKDTILYEIPLLSL
YBR088C,YBR088C_139,134,LSKILRCGNNTDTLTLIADNTPDSIILLFEDTKKDRIAEYSLKLMDIDADFLKIEELQYDSTLSL
YDR054C,YDR054C_139,136,FRFTPAIYHPNVYRDGRLCISILHQSGDPMTDEPDAETWSPVQTVESVLISIVSLLEDPNINSPA
YEL042W,YEL042W_145,137,AVKSQTSQTCSEEHKYVIMIDAGSTGSRVHIYKFDVCTSPPTLLDEKFDMLEPGLSSFDTDSVGA
YER011W,YER011W_140,137,TLYSEVDFAGVSKMLTMVPWYSSRLEPALKSLNGDASSSAAPSSSAAPTSSAAPSSSAAPTSSAA
YHR062C,YHR062C_139,137,LKLYSRITLIIDDPSKGQSLSKISQAFDIVAALPISEKGLTLSTTNLDIDLLTFQYGSRLPTFLK
YJL159W,YJL159W_139,137,GDGQVQAATTTASVSTKSTAAAVSQIGDGQIQATTKTTAAAVSQIGDGQIQATTKTTSAKTTAAA
YBL030C,YBL030C_141,139,QEGVISFWRGNTANVIRYFPTQALNFAFKDKIKAMFGFKKEEGYAKWFAGNLASGGAAGALSLLF
YBR067C,YBR067C_142,139,ELDFDAITKTIVKLPWYTTRLSSEIAAALASVSPASSEAASSSEAASSSKAASSSEATSSAAPSS
YLR286C,YLR286C_143,139,SDGLLHCTQIAEDIETCQSLGKKVLLSLGGASGSYLFSDDSQAETFAQTLWDTFGEGTGASERPF
YLR044C,YLR044C_148,141,LNGIAGSYAEHVGVLHVVGVPSISAQAKQLLLHHTLGNGDFTVFHRMSANISETTAMITDIATAP
YDR077W,YDR077W_147,142,EAPTTAIPTNGTSTEAPTDTTTEAPTTALPTNGTSTEAPTDTTTEAPTTGLPTNGTTSAFPPTTS
YMR142C,YMR142C_144,142,AGLTAAYARTIGIAVDHRRQNRNQEIFDANVQRLKEYQSKIIVFPRDGKAPEAEQVLSAAATFPI
YPR041W,YPR041W_148,142,AKLQDVLDGFINKFVLCGSCKNPETEIIITKDNDLVRDCKACGKRTPMDLRHKLSSFILKNPPDS
YHR143W,YHR143W_144,143,VSTVSASEQVSATQTNSLVSTSTVSTISPTISSGSSTSSSSTYDIESSQSIESSGTSSATAEPSA
YDL229W,YDL229W_149,144,VQKDMKTWPFKVIDVDGNPVIEVQYLEETKTFSPQEISAMVLTKMKEIAEAKIGKKVEKAVITVP
YDR064W,YDR064W_145,144,PEDLYYLIKKAVSVRKHLERNRKDKDAKFRLILIESRIHRLARYYRTVAVLPPNWKYESATASAL
YDR155C,YDR155C_145,144,NFKKHHDRPGLLSMANAGPNTNGSQFFITTVPCPWLDGKHVVFGEVVDGYDIVKKVESLGSPSGA
YDR304C,YDR304C_147,144,HRVIPNFMIQGGDFTHRSGIGGKSIFGNTFKDENFDVKHDKPGRLSMANRGKNTNGSQFFITTVP
YHL034C,YHL034C_147,145,LVKFPTKIDFDNIKENYDTKVVKDREIHIKRARTPGQMQRGGFRGRGGFRGRGGFRGGFRGGYRG
YPL145C,YPL145C_148,145,TKWFISTLKSQYCSRNESLGSEKKPLNPFLGELFVGKWENKEHPEFGETVLLSEQVSHHPPVTAF
YER023W,YER023W_150,148,GTKPFLAEEVLNGVKSVIGGKLLISLAAGWTIDQLSQYTSTVCRVMTNTPAKYGYGCAVVSYSAD
YGR155W,YGR155W_148,148,LALIGAIKGYRTIITLPEKMSNEKVSVLKALGAEIIRTPTAAAWDSPESHIGVAKKLEKEIPGAV
YJL143W,YJL143W_149,148,WNAIIAGFFTGGALAVRGGWRHTRNSSITCACLLGVIEGVGLMFQRYAAWQAKPMAPPLPEAPSS
YEL058W,YEL058W_151,149,WEPYAMQLANAASFATNFEEFRVELAKLIEHEKIDLNTTVVPHIVVGRDSRESSPYLLRCLTSSM
YIL053W,YIL053W_152,149,SIEVPGAVKLCNALNALPKEKWAVATSGTRDMAKKWFDILKIKRPEYFITANDVKQGKPHPEPYL
YLR048W,YLR048W_151,149,AAHTGATPIAGRFTPGSFTNYITRSFKEPRLVIVTDPRLDAQAIKEASYVNIPVIALTDLDSPSE
YNL209W,YNL209W_150,149,KTWPFKVIDVDGNPVIEVQYLEETKTFSPQEISAMVLTKMKEIAEAKIGKKVEKAVITVPAYFND
YOL086C,YOL086C_150,149,GIKWLNGSCMACEYCELGNESNCPHADLSGYTHDGSFQQYATADAVQAAHIPQGTDLAQVAPILC
YBR191W,YBR191W_152,150,LRVEHIKHSKCRQEFLERVKANAAKRAEAKAQGVAVQLKRQPAQPRESRIVSTEGNVPQTLAPVP
YDL086W,YDL086W_157,150,NEYKIKKPLESYDEDNKLCCDLLFQLPQFDGKRIGSTGMCLGGHLAFRALLDKRVTCATCFFPTD
YGR148C,YGR148C_155,150,KERRSLKPEVRKANREEKLKANKEKKRAEKAARKAEKAKSAGVQGSKVSKQQAKGAFQKVAATSR
YHR199C,YHR199C_153,150,PQWPFSTQYELIGKGVRCVSSITFKAYGLGIYVAAEDKHLVSEVLDSKFLSQAFIDTAAPPSPEN
YJL174W,YJL174W_151,150,QDDKVYSYTAEFASTLTGNGQYYIQVFAQVDGQGYTIHYTPRFQLTSMGGVTAYTYSATTEPTPQ
YLR214W,YLR214W_155,150,LEDMKNIYLNASNYLRAPEKSDKKTVVSQPLMANETAYHYYYEENYGIHLNLMRSQWCAWGLVFF
YOR303W,YOR303W_156,150,VGIVVAEYAYQYSHWTAVESLAQWCQREGVAAITGVDTRELVQYLREQGSSLGRITLADHDPVPY
YMR205C,YMR205C_153,151,TQSLVFNTSDILAVKDTLNAMNAPLQGYPTELFPMQLYTLDPLGNVVGVTSTKNAVSTKPTPPPA
YDR077W,YDR077W_160,152,GTSTEAPTDTTTEAPTTALPTNGTSTEAPTDTTTEAPTTGLPTNGTTSAFPPTTSLPPSNTTTTP
YMR242C,YMR242C_155,152,EIRDVSRVAAVETLYQDMAARHRARFRSIHILKVAEIEKTADVKRQYVKQFLTKDLKFPLPHRVQ
YKR013W,YKR013W_158,153,AESATFEESSTETSEAFSTATATIQAVQTSASATQDDVTTTLTSSTQPTSTTTPTTTTTSPTTTT
YPL259C,YPL259C_156,153,DYLKTVEEESIRDNFVIIYELLDEVMDYGIPQITETKMLKQYITQKSFKLVKSAKKKRNATRPPV
YFL038C,YFL038C_157,154,SFNGVKMWLQEIDRYATSTVLKLLVGNKCDLKDKRVVEYDVAKEFADANKMPFLETSALDSTNVE
YMR217W,YMR217W_157,154,LAWINGKQVGRGDKREYGPATLKVIDDSNSLFKGMNDSTVWMSHGDKLHGLPTGYKTIATSDNSP
YGL019W,YGL019W_158,155,MQSNDGHDEGKRRNKSPVVNKSIIEHAAEQLYGLIHARFILTKPGLQAMAEKFDHKEFGTCPRYY
YDR246W,YDR246W_161,156,KLGSFKGDDFFKEPFTNWNKSGLRQLCTDQFTMFIYQTLTGLKFVAISSSVMPQRQPTIATTDKP
YPL061W,YPL061W_159,157,DELESQIDLVSSIEALDNGKTLALARGDVTIAINCLRDAAAYADKVNGRTINTGDGYMNFTTLEP
YBL007C,YBL007C_158,158,DVFDDKDADWLLVKSTVSNEFGFIPGNYVEPENGSTSKQEQAPAAAEAPAATPAAAPASAAVLPT
YGR079W,YGR079W_161,159,TASAVEATPIIITTARSIDTAGSLSENATEDDGTQNGDLHDDDDDDDLESTLGYSSEPDPLFSPC
YLR060W,YLR060W_162,160,EQIRPFATAAVLRNIKLNEKSYASFIALQDKLHANLCRNRSLVAMGTHDLDSIEGPFHYRALPPK
YBR189W,YBR189W_163,161,EDFLERRLQTQVYKLGLAKSVHHARVLITQRHIAVGKQIVNIPSFMVRLDSEKHIDFAPTSPFGG
YDR033W,YDR033W_163,161,TQKEHPGYRQIFYSRFVGWFLALPWPIIQICMLAGTPFWQMAFNVCITEFFTVCWLIAACVHSTY
YER177W,YER177W_170,163,SVLDSHLIPSATTGESKVFYYKMKGDYHRYLAEFSSGDAREKATNASLEAYKTASEIATTELPPT
YJL115W,YJL115W_165,163,REFVRVGYYVNNEYDEEELRENPPAKVQVDHIVRNILAEKPRVTRFNIVWDNENEGDLYPPEQPG
YMR202W,YMR202W_163,163,EYLILFGTAVGTEGHTGVHFADDYFTILHGTQIAALPYATEAEVYTPGMTHHLKKGYAKQYSMPG
YFL037W,YFL037W_170,168,GAELVDSVMDVIRREAEGCDSLQGFQITHSLGGGTGSGMGTLLISKIREEFPDRMMATFSVLPSP
YHR026W,YHR026W_171,168,VVAIYGLIIAIVFSSKLTVATAENMYSKSNLYTGYSLFWAGITVGASNLICGIAVGITGATAAIS
YLR355C,YLR355C_174,171,ASWKAAIEDGWVPGKNLFTVEDAIKRGSYVMNLLSDAAQSETWPAIKPLLTKGKTLYFSHGFSPV
YHR200W,YHR200W_180,173,VCSPISDSRDELIRLAKTLKKNNVAVDIINFGEIEQNTELLDEFIAAVNNPQEETSHLLTVTPGP
YPR145W,YPR145W_175,174,YLDGMFAWTLYDAKQDRIVAARDPIGITTLYMGRSSASPKTVYFASELKCLTDDCDTITAFPPGH
YGR124W,YGR124W_180,175,LDGMFAFCLYDSKKDRIVAARDPIGVVTLYMGRSSQSPETVYFASELKCLTDVCDSIISFPPGHV
YJR070C,YJR070C_180,175,EALGALGDKDSLDDLNKAAKEDPHVAVRETCELAINRINWTHGGAKDKENLQQSLYSSIDPAPPL
YKR013W,YKR013W_180,175,TIQAVQTSASATQDDVTTTLTSSTQPTSTTTPTTTTTSPTTTTSPTTTASPTTTASPTTATTTQS
YJR123W,YJR123W_180,176,TLDIINVLTDQNPIQVVVDAITNTGPREDTTRVGGGGAARRQAVDVSPLRRVNQAIALLTIGARE
YML028W,YML028W_178,176,EEEGVALRGLFIIDPKGVIRHITINDLPVGRNVDEALRLVEAFQWTDKNGTVLPCNWTPGAATIK
YNL190W,YNL190W_177,176,TSKSKTPNHTGTHKYGKFNKTSKSKTPNHTGTHKYGKFNKTKHDTTTYGPGEKARKNNAAPGPSN
YDR373W,YDR373W_178,178,DEMLTIVASVYKMMGSMVTLNEDEATPEMRVKKIFKLMDKNEDGYITLDEFREGSKVDPSIIGAL
YFL045C,YFL045C_179,178,LPKRRGTFLEFRNGMINVSPIGRNASTEERNEFERYDKEHQIRAKFVEALKKEFPDYGLTFSIGG
YGL122C,YGL122C_182,178,IAQQQPQQQPQQQPQQQPQQQPQQQPQQQPQQQPQQQPQLQPLQPQLGTQNAMQTDAPATPSPIS
YJR009C,YJR009C_181,178,ITAPSSTAPMFVMGVNEEKYTSDLKIVSNASCTTNCLAPLAKVINDAFGIEEGLMTTVHSMTATQ
YOL086C,YOL086C_178,178,GYTHDGSFQQYATADAVQAAHIPQGTDLAQVAPILCAGITVYKALKSANLMAGHWVAISGAAGGL
YPL063W,YPL063W_188,178,FSLSALTGTAIYMARDWEPQESEELKKDIDNGYTLSLMYKRFKARFNSMFTYFQEPPFPDLLPPP
YLR244C,YLR244C_179,179,RNDRLNNIPIYKKDQIKKIRKACMLGREVLDIAAAHVRPGITTDELDEIVHNETIKRGAYPSPLN
YNL069C,YNL069C_180,179,PQALRVLRLKPGRKYTTLGKLSTSVGWKYEDVVAKLEDKRKVRSAEYYAKKRAFTKKVSSASAAA
YPL265W,YPL265W_183,180,LIAYAFVGLLVFYTMACLGEMASYIPLDGFTSYASRYVDPALGFAIGYTYLFKYFILPPNQLTAA
YGL202W,YGL202W_182,181,TKIIHDLKYKDWDVLATAGNTNAWESTLRVFCNRGDVILVEAHSFSSSLASAEAQGVITFPVPID
YIL133C,YIL133C_184,181,QALRVLRLKPGRKYTTLGKLSTSVGWKYEDVVAKLEAKRKVSSAEYYAKKRAFTKKVASANATAA
YCL009C,YCL009C_192,182,IVLQGQDGVVEQARRQIEDLVPVYAVLDYTNSEIIKRELVMARISLLGTEYFEDLLLHHHTSTNA
YHR074W,YHR074W_188,182,YREMRFFTPWMKPGVVEDFILPPEIQKVTGQRLVPFGDAVINSLDTCIGTETCEELFTPQSPHIA
YLR293C,YLR293C_185,182,GNKVDVKERKVKAKTITFHRKKNLQYYDISAKSNYNFEKPFLWLARKLAGNPQLEFVASPALAPP
YER031C,YER031C_186,184,GNKSDLAHLRAVPTEESKTFAQENQLLFTETSALNSENVDKAFEELINTIYQKVSKHQMDLGDSS
YJL068C,YJL068C_190,185,YDYIHKELPQTLDSHFNKNGDVKLDFLDNVAITGHSMGGYGAICGYLKGYSGKRYKSCSAFAPIV
YPL177C,YPL177C_187,185,YKSAPIYEIINKEKDAGAQYNRPFSDFVESKSRRKQNSGRRSNLPKETVQILNTWLLNHLNNPYP
YER055C,YER055C_192,187,KLAEKYFADLEGTTVEKMTTRIKFVSGSVEASCALGIGDAIVDLVESGETMRAAGLVDIATVLST
YIL053W,YIL053W_193,187,ILKIKRPEYFITANDVKQGKPHPEPYLKGRNGLGFPINEQDPSKSKVVVFEDAPAGIAAGKAAGC
YLR286C,YLR286C_190,187,TLWDTFGEGTGASERPFDSAVVDGFDFDIENNNEVGYSALATKLRTLFAEGTKQYYLSAAPQCPY
YDR174W,YDR174W_188,188,QKAGLPPLSSTEITQEISKKWKELSDNEKEKWKQAYNVELENYQREKSKYLEAKKNGTLPPASLE
YGR094W,YGR094W_191,188,TVPGEKKILVSLDDPALKAYNPANVESSWYDWWIKTGVFEPEFTADGKVKPEGVFCIPAPPPNVT
YER177W,YER177W_189,189,YHRYLAEFSSGDAREKATNASLEAYKTASEIATTELPPTHPIRLGLALNFSVFYYEIQNSPDKAC
YER178W,YER178W_190,189,KLDSIITSYRCHGFTFMRGASVKAVLAELMGRRAGVSYGKGGSMHLYAPGFYGGNGIVGAQVPLG
YIL123W,YIL123W_193,189,STLESSSVSSSSEEAAPTSTVVSTSSATQSSASSATKSSTSSTSPSTSTSTSTSSTSSSSSSSSS
YKL096W,YKL096W_191,189,TGVAIRPTSKSGSVAADFSPSDSSSSSSASASSASASSSTKHSSSIESVETSTTVETSSASSPTA
YNR018W,YNR018W_194,190,SWVIVNKDPIMTKAQKIVQARMYAQFITVGLLLASVGLSMYENKLHPNKQKVNEMRRWENALRVA
YLR249W,YLR249W_192,191,HLTNAIVETNKWQEKIAILAAISAMVDAAKDQVALRMPELIPVLSETMWDTKKEVKAAATAAMTK
YLR390W-A,YLR390W-A_195,191,STKASSSSAAPSSSKASSTESSSSSSSSTKAPSSEESSSTYVSSSKQASSTSEAHSSSAASSTVS
YGL137W,YGL137W_197,194,TFEGHEHFVMCVAFNPKDPSTFASGCLDRTVKVWSLGQSTPNFTLTTGQERGVNYVDYYPLPDKP
YGR094W,YGR094W_197,194,KILVSLDDPALKAYNPANVESSWYDWWIKTGVFEPEFTADGKVKPEGVFCIPAPPPNVTGALHIG
YGR155W,YGR155W_199,194,PESHIGVAKKLEKEIPGAVILDQYNNMMNPEAHYFGTGREIQRQLEDLNLFDNLRAVVAGAGTGG
YJL121C,YJL121C_196,194,VDVLFELAPHLDMALVMTVEPGFGGQKFMEDMMPKVETLRAKFPHLNIQVDGGLGKETIPKAAKA
YHL033C,YHL033C_195,195,LNHVVALIENKKAKLVLIANDVDPIELVVFLPALCKKMGVPYAIVKGKARLGTLVNQKTSAVAAL
YHR025W,YHR025W_199,195,MLDYCLMIERHPDNITAAMMGGFCGSFLRDLTPQEVERREIPLAEVLPEPSGGEDTGLVPPLPPT
YKL212W,YKL212W_196,195,LQRNEKVGPAASWKTADERFFWNHYLTEDLRNFAHQDPRIDSFIQPVIYGYAKTVDAVLNATPIV
YKL033W-A,YKL033W-A_200,196,IVTGDDPRIAKGRGKPFPDIWQLGLKELNEKFHTDIKPDECIVFEDGIPGVKSAKAFGAHVIWVP
YBR162C,YBR162C_204,197,AVEYVQVTSTVYVDSNGQTVTADSTNTVVGPAVPSSYTKDSTVLSSSAQAVETSESQSSISSSKT
YBR221C,YBR221C_199,197,YMSGGTQKCQMVFRGPNGAAVGVGAQHSQDFSPWYGSIPGLKVLVPYSAEDARGLLKAAIRDPNP
YGL148W,YGL148W_199,198,AEKFLAQNSNVEIVAFVTQIGEIKMNRDSFDPEFQHLLNTITREKVDSMGPIRCPDASVAGLMVK
YLR441C,YLR441C_203,198,AIAFTRKQANQVKRHSYAQSSHIRAIRKVISEILTKEVQGSTLAQLTSKLIPEVINKEIENATKD
YPL061W,YPL061W_201,199,ADKVNGRTINTGDGYMNFTTLEPIGVCGQIIPWNFPIMMLAWKIAPALAMGNVCILKPAAVTPLN
YJR045C,YJR045C_201,200,AQIGGFVLNKMKETAEAYLGKPVKNAVVTVPAYFNDSQRQATKDAGQIVGLNVLRVVNEPTAAAL
YMR116C,YMR116C_203,201,ATLLGHNDWVSQVRVVPNEKADDDSVTIISAGNDKMVKAWNLNQFQIEADFIGHNSNINTLTASP
YER120W,YER120W_211,203,ETVEPVVQDSEPKEVPAVVNEKEVPAEPETQPPVQVKKEEVPPVVQKTVPHENEKQTSNSTPAPQ
YHR203C,YHR203C_203,203,GRTIRYPDPNIKVNDTVKIDLASGKITDFIKFDAGKLVYVTGGRNLGRIGTIVHKERHDGGFDLV
YGR124W,YGR124W_206,204,YMGRSSQSPETVYFASELKCLTDVCDSIISFPPGHVYDSETDKITRYFTPDWLDEKRIPSTPVDY
YGR192C,YGR192C_207,204,VSNASCTTNCLAPLAKVINDAFGIEEGLMTTVHSLTATQKTVDGPSHKDWRGGRTASGNIIPSST
YMR120C,YMR120C_205,204,ILSDPKDYSEFLSELSSNGEISQDLRNRLALKAFEHTADYDAAISDFFRKQYSEGQAQITLRYGA
YOL126C,YOL126C_207,204,SNPVNSLVPVMVSNILKNHPQSRNSGIERRIMGVTKLDIVRASTFLREINIESGLTPRVNSMPDV
YCR004C,YCR004C_206,205,KNSFAELASIEEVHGGSPWGAGTLAGPDGSRTASPLELRIAEIQGKTFYETAKKLFPAKEAKPST
YML048W,YML048W_208,205,LSRLLIPVAKHMDLPEIAAKLEQEVQANYSSLVAQWLFFVMHIFKVGIITLFLKLGIANPISFNP
YCL009C,YCL009C_209,206,AVLDYTNSEIIKRELVMARISLLGTEYFEDLLLHHHTSTNAGAADSQELVAEIREKQFHPANLPA
YKL142W,YKL142W_208,206,LAKFYERLPPTLKEQEDFENFLEGKVEAFHINETTDEEISKELEKFSKDELDDAFNDVARYLGLS
YOR335C,YOR335C_209,206,KLGLEPDTEARELWKNVGVPDDHILPGNAKDNFWEMGDQGPCGPCSEIHYDRIGGRNAASLVNMD
YDL124W,YDL124W_213,209,KAKNIGVSNFAVEDLQRILKVAEVKPQVNQIEFSPFLQNQTPGIYKFCQEHDILVEAYSPLGPLQ
YJR148W,YJR148W_213,209,TTAGLGVSTPDRALLYVICCPVGPYYKTGFKAVRLEATDYATRAWPGGCGDKKLGANYAPCVLPQ
YGR135W,YGR135W_216,212,PSGNYTGWKAISVGANTSAAQTLLQMDYKDDMKVDDAIELALKTLSKTTDSSALTYDRLEFATIR
YKL060C,YKL060C_216,212,ENISTCVKYFKRMAAMDQWLEMEIGITGGEEDGVNNENADKEDLYTKPEQVYNVYKALHPISPNF
YKL081W,YKL081W_216,213,NISLGDLHAAGSWAFGLATILGPEWRAKHPHLMRWFNTVAASPIVKTPFAEVKLAEKALTYTPPK
YKL021C,YKL021C_217,214,SHPASSSEDAAVSKGSKNSKWLLSASEDHKIMVWRVKDWETVGTLKGHTARVNDVDIHPTNRIAI
YLR058C,YLR058C_214,214,STYFESFPYRVNPETGIIDYDTLEKNAILYRPKVLVAGTSAYCRLIDYKRMREIADKCGAYLMVD
YDL198C,YDL198C_221,216,GFIKILRDEGLFNLYRGWGWTAARNAPGSFALFGGNAFAKEYILGLKDYSQATWSQNFISSIVGA
YPR163C,YPR163C_219,216,RADLVAVLKFNGTKLNERTVYVSVAAPRRGGGADVDWSSARGSNFQGDGREDAPDLDWGAARGSN
YGL105W,YGL105W_227,219,DHPRGKPDEETLKKLREEAKAKKAAKKAANAKQQQEQQNKAPEKPKPSAIDFRVGFIQKAIKHPD
YHR104W,YHR104W_220,219,DEGLIKSIGVSNFQGSLIQDLLRGCRIKPVALQIEHHPYLTQEHLVEFCKLHDIQVVAYSSFGPQ
YML106W,YML106W_221,219,IALDRQEVVSTDDKEGLSATQTVSKKYGIPVLSIVSLIHIITYLEGRITAEEKSKIEQYLQTYGA
YMR241W,YMR241W_222,219,KNIYKKEGIRGINKGVNAVAIRQMTNWGSRFGLSRLVEDGIRKITGKTNKDDKLNPFEKIGASAL
YPR181C,YPR181C_222,219,ITYGNVVQLHDLSSETIDRCNVFRGDREYQLEALTEMLTGQKPTGPGGAASHLPNAMNKVTPFSL
YNL180C,YNL180C_224,220,RDDPATQKKLQEANSDYVSQEEIDELVQRCGFMGYTECSAATQAGVREVFEQAVRYAIYEPESPN
YJL159W,YJL159W_225,221,STAAAVSQIGDGQVQATTTTLAPKSTAAAVSQIGDGQVQATTKTTAAAVSQIGDGQVQATTKTTA
YLR058C,YLR058C_226,221,PYRVNPETGIIDYDTLEKNAILYRPKVLVAGTSAYCRLIDYKRMREIADKCGAYLMVDMAHISGL
YDR171W,YDR171W_226,222,EANTEQEGEKGEEKDKKDKSEAPKEEAGETNKEKPLNQLEESSRPPLAKKSSSFAHLQAPSPIPD
YJL034W,YJL034W_224,222,EEISGMILGKMKQIAEDYLGTKVTHAVVTVPAYFNDAQRQATKDAGTIAGLNVLRIVNEPTAAAI
YOR204W,YOR204W_225,223,KPTPVQKYSVPIVANGRDLMACAQTGSGKTGGFLFPVLSESFKTGPSPQPESQGSFYQRKAYPTA
YER091C,YER091C_228,224,LLGPVSYLFLGKADKDSLDLEPLSLLEQLLPLYTEILSKLASAGATEVQIDEPVLVLDLPANAQA
YIL018W,YIL018W_225,224,VIGVIAGGGRVDKPLLKAGRAFHKYRLKRNSWPKTRGVAMNPVDHPHGGGNHQHIGKASTISRGA
YMR318C,YMR318C_224,224,GLTVYSPLVRNGCGPGKKVGIVGLGGIGSMGTLISKAMGAETYVISRSSRKREDAMKMGADHYIA
YPL160W,YPL160W_229,224,KGRGKYQFEIMLQLGIPREEIIKFADAKYWLTYFPPLCESDCTSLGARIDWRRSFVTTDANPYYD
YJR007W,YJR007W_228,225,LDELKNYISKRLTPQAVKIRADVEVSCFSYEGIDAIKDALKSAEDMSTEQMQVKVKLVAAPLYVL
YJL002C,YJL002C_230,226,AYDTKKASFTLIGSSSFEEYHPPNDESLLGKANGNSFEFGPWEDIPRFSSNETLAIVYSHNAPLN
YPR016C,YPR016C_228,226,VQDQEELSSLLQVPLVAGTVNRGSSVVGAGMVVNDYLAVTGLDTTAPELSVIESIFRLQDAQPES
YML063W,YML063W_230,227,ISEILTREVQNSTLAQLTSKLIPEVINKEIENATKDIFPLQNIHVRKVKLLKQPKFDVGALMALH
YNL071W,YNL071W_232,227,AAPQGRIFASPLAKTIALEKGISLKDVHGTGPRGRITKADIESYLEKSSKQSSQTSGAAAATPAA
YJR105W,YJR105W_229,228,VSPDAIVKLGQHAKENSKPFVLNFSAPFIPHVFKDALARVLPYATVIIANESEAEAFCDAFQLDC
YKL216W,YKL216W_232,228,PPYFDFAHFDIMAKILNEFPLAYVNSINSIGNGLFIDVEKESVVVKPKNGFGGIGGEYVKPTALA
YOR151C,YOR151C_231,228,RLPIMLRSKNCYLSEATESDLYKLKECPFDMGGYFIINGSEKVLIAQERSAGNIVQVFKKAAPSP
YPL048W,YPL048W_228,228,FTRYFESLFGTEWRAQHPAIVRWFNTVRASPFLKDEYKDFKFADKPLSPPQKKKEKKAPAAAPAA
YDR035W,YDR035W_231,229,IGARTTESQLHRELASGLSFPIGFKNGTDGGLQVAIDAMRAAAHEHYFLSVTKPGVTAIVGTEGN
YKL152C,YKL152C_232,229,DLLSGKTVMIAAHGNSLRGLVKHLEGISDADIAKLNIPTGIPLVFELDENLKPSKPSYYLDPEAA
YBR265W,YBR265W_234,230,LYPFVGYSQYAPAKAAIKSLVAILRQELTNFRISCVYPGNFESEGFTVEQLTKPEITKLIEGPSD
YGL123W,YGL123W_233,232,PRGSGIVASPAVKKLLQLAGVEDVYTQSNGKTRTLENTLKAAFVAIGNTYGFLTPNLWAEQPLPV
YGL253W,YGL253W_236,232,RWTKGFDIPNIENHDVVPMLQKQITKRNIPIEVVALINDTTGTLVASYYTDPETKMGVIFGTGVN
YER043C,YER043C_236,233,GKLKVPAINVNDSVTKSKFDNLYGCRESLVDGIKRATDVMLAGKVAVVAGYGDVGKGCAAALRGM
YGR192C,YGR192C_237,234,TVHSLTATQKTVDGPSHKDWRGGRTASGNIIPSSTGAAKAVGKVLPELQGKLTGMAFRVPTVDVS
YKL152C,YKL152C_241,236,VMIAAHGNSLRGLVKHLEGISDADIAKLNIPTGIPLVFELDENLKPSKPSYYLDPEAAAAGAAAV
YEL040W,YEL040W_242,237,TAQTNFYWESVLNYTNSANISTTDTFENYHTYELDWHEDYVTWSIDGVVGRTLYKNETYNATTQK
YGR180C,YGR180C_237,237,RLVAFAAKEGIFQAGNYASMFWLTDKKIMPGLAMANRNICRDRGAYTDFSCLLFAHLRTKPNPKI
YDR232W,YDR232W_243,240,SCYVANDAVLSLLGQKMKDLVIFSDELNHASMIVGIKHANVKKHIFKHNDLNELEQLLQSYPKSV
YJR139C,YJR139C_242,240,FNEFSTSQANDVKFSDVVKVAKKLGYTEPDPRDDLNGLDVARKVTIVGRISGVEVESPTSFPVQS
YNL045W,YNL045W_242,240,VFSQLEAIHARSLFPCFDTPSVKSTFTASIESPLPVVFSGIRIEDTSKDTNIYRFEQKVPIPAYL
YLR058C,YLR058C_248,242,LYRPKVLVAGTSAYCRLIDYKRMREIADKCGAYLMVDMAHISGLIAAGVIPSPFEYADIVTTTTH
YML056C,YML056C_245,242,EVMTKNPVTGIKGITLKEGNEILKQTKKGKLLIVDDNGNLVSMLSRADLMKNQNYPLASKSATTK
YJR016C,YJR016C_247,243,NIDIVSAFQSYGEYISKQFTEEEREDVVEHACPGPGSCGGMYTANTMASAAEVLGLTIPNSSSFP
YLR249W,YLR249W_244,243,KEVKAAATAAMTKATETVDNKDIERFIPSLIQCIADPTEVPETVHLLGATTFVAEVTPATLSIMV
YFR055W,YFR055W_247,244,TWATPLFFDAHAHGIDISVEAGTKYLGGHSDLLIGLASANEECWPLLRSTYDAMAMLPGAEDCQL
YJL026W,YJL026W_248,244,LLIDTYIKDPKESEFLFNAIHTIPEIGEKAEWALRWIQDADALFGERLVAFASIEGVFFSGSFAS
YMR290C,YMR290C_249,244,FVFKNLKALIIDEADRILEIGFEDEMRQIIKILPNEDRQSMLFSATQTTKVEDLARISLRPGPLF
YJL167W,YJL167W_246,245,SLKKHSFIVTFKTAYYSFYLPVALAMYVAGITDEKDLKQARDVLIPLGEYFQIQDDYLDCFGTPE
YDL084W,YDL084W_248,247,VVATPGRLKALVREKYIDLSHVKNFVIDECDKVLEELDMRRDVQEIFRATPRDKQVMMFSATLSQ
YPL031C,YPL031C_248,247,TSIDIWSCGCILAEMITGKPLFPGTNDEEQLKLIFDIMGTPNESLWPSVTKLPKYNPNIQQRPPR
YBR121C,YBR121C_252,248,KYDIGNPVTGETLESPRAFNLMFETAIGPSGQLKGYLRPETAQGQFLNFNKLLEFNNSKTPFASA
YLR027C,YLR027C_249,248,PTGLDPTSEQWVQIVDAIASKNHIALFDTAYQGFATGDLDKDAYAVRLGVEKLSTVSPVFVCQSF
YBL032W,YBL032W_252,249,IVASKDFLPASDERIIEIQGFPGSITNVLIEISEIILSDVDVRFSTERSYFPHLKKSSGEPTSPS
YBR011C,YBR011C_256,249,FRIYKIPDGKPENQFAFSGEAKNKKYALDIIKETHDSWKQLIAGKSSDSKGIDLTNVTLPDTPTY
YDR353W,YDR353W_254,250,ASTIMQKRAEKNEKIEILYNTVALEAKGDGKLLNALRIKNTKKNEETDLPVSGLFYAIGHTPATK
YBR162C,YBR162C_253,251,ESQSSISSSKTTSSAAAASSSSSSSSNTNGDWSRGSYFVPGSTSNCTFMNNQGGTAGSGVWSSCF
YDL052C,YDL052C_260,252,TSTLVSPKYGVFNRGCMIVRILKPISTENLTKDKIGEFAEKVRDQMVDTLKEIGYSPAINDTTLP
YFR025C,YFR025C_257,252,LVNQKSGNCNEETGVPVASLDVISEWPEIYDAVVRNLQFIDSYGGAIEINTSALRKRLEEPYPSK
YLR340W,YLR340W_256,252,NGQVFPSSILDITDEELVSHFVSAVSTIASISLAIGYPTLPSVGHTLINNYKDLLAVAIAASYHY
YLL011W,YLL011W_256,253,FATGGAKIHLWDVNRLKPVSDLSWGADNITSLKFNQNETDILASTGSDNSIVLYDLRTNSPTQKI
YNL247W,YNL247W_259,253,IESITKGDSMDAEVAFEKVKDVTVPLLDKELGSTISNPEIFRQLPAYWEQKFNDDMLSLNVLPPT
YDR345C,YDR345C_256,254,KEMRGTLVSCYQLMITLGIFLGYCTNFGTKNYSNSVQWRVPLGLCFAWALFMIGGMTFVPESPRY
YDR341C,YDR341C_257,256,GLLAVGFERYGNEEALVKDPIHHLFDVYVRINKDIEEEGDSIPLEQSTNGKAREYFKRMEDGDEE
YCR084C,YCR084C_260,257,QPPPQVSVAPLSNTAINGSPTSKETTTLPSVKAPESTLKETEPENNNTSKINDTGSATTATTTTA
YGL040C,YGL040C_257,257,LAHKTFVLSYAAKFSGNLYGPFRDAACSAPSNGDRKCYQLPPAGRGLARRALERDMSEGADGIIV
YGR191W,YGR191W_257,257,NDKINSDAWVAIFYATIALANMLDVKSFGETEFVLSMIKILSIIGFTILGIVLSCGGGPHGGYIG
YHR025W,YHR025W_265,258,PTDIGRHVKYQWNPAIKCIAIIPQFELSTADSRGVLPKAYPTQDLVFNLQRLAVLTTALTMDPPN
YIL116W,YIL116W_263,260,DEAYVDFCGGSTAPLVTKYPNLVTLQTLSKSFGLAGIRLGMTYATAELARILNAMKAPYNISSLA
YMR145C,YMR145C_264,260,KSSAKNNDYDLDLKYDYLVVGVGAQPNTFGTPGVYEYSSFLKEISDAQEIRLKIMSSIEKAASLS
YMR297W,YMR297W_265,260,VIFLDQPVNVGFSYSGSSGVSNTVAAGKDVYNFLELFFDQFPEYVNKGQDFHIAGESYAGHYIPV
YGL253W,YGL253W_263,261,PIEVVALINDTTGTLVASYYTDPETKMGVIFGTGVNGAYYDVCSDIEKLQGKLSDDIPPSAPMAI
YPR074C,YPR074C_263,261,DVAKRYEAYGWEVLYVENGNEDLAGIAKAIAQAKLSKDKPTLIKMTTTIGYGSLHAGSHSVHGAP
YBR127C,YBR127C_264,262,GHEENFSIVFAAMGVNLETARFFKQDFEENGSLERTSLFLNLANDPTIERIITPRLALTTAEYLA
YBR162C,YBR162C_265,262,TSSAAAASSSSSSSSNTNGDWSRGSYFVPGSTSNCTFMNNQGGTAGSGVWSSCFGNSISFAASDG
YDL055C,YDL055C_263,262,VEEKQLYSFDLEGFWMDVGQPKDFLSGTVLYLNSLAKRQPKKLATGANIVGNALIDPTAKISSTA
YBL030C,YBL030C_268,263,RGLYFGMYDSLKPLLLTGSLEGSFLASFLLGWVVTTGASTCSYPLDTVRRRMMMTSGQAVKYDGA
YKL035W,YKL035W_263,263,YDSPLDAWYPPGHGDLFESLHVSGELDALIAQGREILFVSNGDNLGATVDLKILNHMIETGAEYI
YBL016W,YBL016W_267,264,DVWSCGCILAELFLRRPIFPGRDYRHQLLLIFGIIGTPHSDNDLRCIESPRAREYIKSLPMYPAA
YJL159W,YJL159W_269,264,TTAAAVSQIGDGQVQATTKTTAAAVSQIGDGQVQATTKTTAAAVSQIGDGQVQATTKTTAAAVSQ
YKL150W,YKL150W_270,264,LRKELDALKEKYPDKFNVTYFVDDKQDDQDFDGEISFISKDFIQEHVPGPKESTHLFVCGPPPFM
YHR174W,YHR174W_270,266,GNVGDEGGVAPNIQTAEEALDLIVDAIKAAGHDGKVKIGLDCASSEFFKDGKYDLDFKNPESDKS
YLR314C,YLR314C_271,266,GFGDFLNNDQKSWDPIIKEIDSRFDQYLDAENKINRHSINDKRIHACLYFIEPTGHYLKPLDLKF
YKL216W,YKL216W_270,267,KESVVVKPKNGFGGIGGEYVKPTALANVRAFYTRLRPEIKVIGTGGIKSGKDAFEHLLCGASMLQ
YBR162C,YBR162C_271,269,SSSSSSSSNTNGDWSRGSYFVPGSTSNCTFMNNQGGTAGSGVWSSCFGNSISFAASDGVSGAASA
YOL030W,YOL030W_273,269,AEYFNCGDEADARIDMFGVNDYSWCGESSFVVSGYSTKMKLYQDYSVPVFLSEFGCNQVKSSRPF
YCR012W,YCR012W_271,270,GGAKVADKIQLIDNLLDKVDSIIIGGGMAFTFKKVLENTEIGDSIFDKAGAEIVPKLMEKAKAKG
YDL126C,YDL126C_275,271,GYDDIGGCRKQMAQIREMVELPLRHPQLFKAIGIKPPRGVLMYGPPGTGKTLMARAVANETGAFF
YGR204W,YGR204W_276,272,IGQPEFVKGEWFKPRDGTSSDKKTVVIDVGTNYVADPSKKSGFKCVGDVEFNEAIKYVHLITPVP
YGL213C,YGL213C_278,273,LSTLRPLYNFESQHSMINNSNSIRSVKFSPQGSLLAIAHDSNSFGCITLYETEFGERIGSLSVPT
YNL138W,YNL138W_278,273,AVEWVKKFLASFDNLKAYIKEYHTTGVSWKKDGMDFADAMAQSTKNTGATSSPSPASATAAPAPP
YPL093W,YPL093W_276,273,LRFQAIDTPGILDRPTEEMNNIEMQSIYAIAHLRSCVLYFMDLSEQCGFTIEAQVKLFHSIKPLF
YML004C,YML004C_282,275,SAKFTLYFLGYGVPKTDSVFSCESVLELTHNWGTENDPNFHYHNGNSEPQGYGHICISCDDAGAL
YOL086C,YOL086C_277,275,GEVFIDFTKEKDIVGAVLKATDGGAHGVINVSVSEAAIEASTRYVRANGTTVLVGMPAGAKCCSD
YDR321W,YDR321W_281,276,NANSLDSFNVRQGYLGNFVNNEIHYYYPPVKPQGCHKFKLRVDGKHFKLPEVCILYAHQAFPPAI
YLR354C,YLR354C_276,276,SVKKIYNYYKKYGYKTIVMGASFRSTDEIKNLAGVDYLTISPALLDKLMNSTEPFPRVLDPVSAK
YBR031W,YBR031W_281,278,LRNVPGVETANVASLNLLQLAPGAHLGRFVIWTEAAFTKLDQVWGSETVASSKVGYTLPSHIIST
YLR180W,YLR180W_286,278,PRDMLDENTKYFIQPSGRFVIGGPQGDAGLTGRKIIVDAYGGASSVGGGAFSGKDYSKVDRSAAY
YGR155W,YGR155W_287,279,ADPFGSILAQPENLNKTDITDYKVEGIGYDFVPQVLDRKLIDVWYKTDDKPSFKYARQLISNEGV
YLR340W,YLR340W_283,279,IASISLAIGYPTLPSVGHTLINNYKDLLAVAIAASYHYPEIEDLVDRIENPEKYAAAAPAATSAA
YGR285C,YGR285C_281,280,YAFWHRFDSWRTFEFLDEDVPDDSSNRDHKRYIERKNKAARDKKKTADNARLVKLVERAVSEDPR
YPL177C,YPL177C_283,280,IFSDYYTLVNSIPNDNANNTPVERVQNVSAYHNTLSATNNTMYDATSTCSTDYELSKRFAHAPVT
YHR094C,YHR094C_286,281,TNFGTKNYSNSVQWRVPLGLCFAWALFMIGGMMFVPESPRYLVEAGRIDEARASLAKVNKCPPDH
YJL186W,YJL186W_281,281,KLTHFQLKVFGLIISSFKRIIFLDADNYAVKNLDLAFNTTSFNDTGLILWPDFWRRVTPPAFYNI
YGL202W,YGL202W_287,282,GTSIADHRKEAIYKIAQKYDFLIVEDEPYYFLQMNPYIKDLKEREKAQSSPKQDHDEFLKSLANT
YIR034C,YIR034C_287,283,LKWDIKETSRGGPFDEIPQADIFINCIYLSKPIAPFTNMEKLNNPNRRLRTVVDVSADTTNPHNP
YNR016C,YNR016C_288,283,DDIYQKGCCTSPEDGLQKAKRIGFPVMIKASEGGGGKGIRQVEREEDFIALYHQAANEIPGSPIF
YLR355C,YLR355C_284,284,GKAHEKAQALAVAIGSGYVYQTTFEREVNSDLYGERGCLMGGIHGMFLAQYDVLRENGHSPSEAF
YDR033W,YDR033W_294,286,DGGNVLQPDSAGIFYGIIDLILMCFIPTLLVPIANHFGADKLGYHFGPSDAEAVMAPKAPVASPR
YEL046C,YEL046C_289,286,LKFVKKATHFRKQQGGGIRQSGMMARMALVNINNDWKSQLLYSHSLAHELAEYCEAKGIPLESPA
YML123C,YML123C_291,287,LEYANSGAECDARCQKACDQMWRILIGLGTVLGLACLYFRLTIPESPRYQLDVNAKLELAAAAQE
YHR068W,YHR068W_292,289,GKEINDESSVLYWAHKNKIPIFCPSLTDGSIGDMLFFHTFKASPKQLRVDIVGDIRKINSMSMAA
YBR126C,YBR126C_290,290,VLNVNTLPNGVEYQGRFVNVGAFPIGIDVDKFTDGLKKESVQKRIQQLKETFKGCKIIVGVDRLD
YBR160W,YBR160W_293,290,PNEAIWPDIVYLPDFKPSFPQWRRKDLSQVVPSLDPRGIDLLDKLLAYDPINRISARRAAIHPYF
YJL026W,YJL026W_290,290,RLVAFASIEGVFFSGSFASIFWLKKRGMMPGLTFSNELICRDEGLHTDFACLLFAHLKNKPDPAI
YJR009C,YJR009C_294,291,RVPTVDVSVVDLTVKLNKETTYDEIKKVVKAAAEGKLKGVLGYTEDAVVSSDFLGDSNSSIFDAA
YLR180W,YLR180W_296,291,QPSGRFVIGGPQGDAGLTGRKIIVDAYGGASSVGGGAFSGKDYSKVDRSAAYAARWVAKSLVAAG
YER070W,YER070W_297,294,LKECALISKTAGGIGLHIHNIRSTGSYIAGTNGTSNGLIPMIRVFNNTARYVDQGGNKRPGAFAL
YLR438W,YLR438W_296,294,NVLLIVDEIQTGIGRTGELLCYDHYKAEAKPDIVLLGKALSGGVLPVSCVLSSHDIMSCFTPGSH
YJL101C,YJL101C_299,295,WFLPEDKEAKLASKPGFIYMDSMGFGMGCSCLQVTFQAPNINKARYLYDALVNFAPIMLAFSAAA
YLR214W,YLR214W_295,295,IKLPHPYDRPRWRRSMAFVSRRADLMAIALFPVVYLFGIRNNPFIPITGLSFSTFNFYHKWSAYV
YOR375C,YOR375C_298,296,IELGGTVVSLSDSKGCIISETGITSEQVADISSAKVNFKSLEQIVNEYSTFSENKVQYIAGARPW
YDL055C,YDL055C_299,297,AKRQPKKLATGANIVGNALIDPTAKISSTAKIGPDVVIGPNVTIGDGVRITRSVVLCNSTIKNHS
YLR153C,YLR153C_299,299,GIPMKAGRDYWWHEEAAKQRTYLPPVSCDAEDPLFLLYTSGSTGSPKGVVHTTGGYLLGAALTTR
YMR093W,YMR093W_303,299,TSNKKLYERGNFNKAVTCLDYVENFDSPMQSALIASSLDGHVKVFDPLDNFQVKFGWKFSGPVLS
YMR083W,YMR083W_301,300,LGGEVFIDFTKTKNMVSDIQEATKGGPHGVINVSVSEAAISLSTEYVRPCGTVVLVGLPANAYVK
YPR035W,YPR035W_304,301,GDWNGAGCHTNVSTKEMRQPGGMKYIEQAIEKLSKRHAEHIKLYGSDNDMRLTGRHETASMTAFS
YMR058W,YMR058W_306,302,KNVTDMLYITVAQRYTVLVHTKNDTDKNFAIMQKFDDTMLDVIPSDLQLNATSYMVYNKTAALPT
YNL037C,YNL037C_305,302,VLVTPSMYGTILGNIGAALIGGPGLVAGANFGRDYAVFEPGSRHVGLDIKGQNVANPTAMILSST
YER025W,YER025W_307,303,VIILQNKVDLMREESALEHQKSILKFIRGTIADGAPIVPISAQLKYNIDAVNEFIVKTIPVPPRD
YJL159W,YJL159W_309,303,TAAAVSQIGDGQVQATTKTTAAAVSQITDGQVQATTKTTQAASQVSDGQVQATTATSASAAATST
YHR188C,YHR188C_305,304,ICSEDEDALCHYEMDARIEMVTHVPSALARGERPIPKPLDGNTLRCDTDKPFDSYQCFPLPEPSQ
YLR244C,YLR244C_308,304,ALNTTETSRECLKLAIKMCKPGTTFQELGDHIEKHATENKCSVVRTYCGHGVGEFFHCSPNIPHY
YNL220W,YNL220W_307,304,TSSNTGIGGVLTGLGIPPRTIDEIYGVVKAYTTRVGEGPFPTEQLNENGEKLQTIGAEFGVTTGR
YGR204W,YGR204W_308,306,ADPSKKSGFKCVGDVEFNEAIKYVHLITPVPGGVGPMTVAMLMQNTLIAAKRQMEESSKPLQIPP
YAL036C,YAL036C_309,307,VLNKIDSLSIEELELLYRIPNAVPISSGQDWNLDELLQVMWDRLNLVRIYTKPKGQIPDFTDPVV
YOR086C,YOR086C_309,307,VMDWGISFTPHDLCDMSAKQVRNYVNELAVVKAKIFGITIPVSVSDIAFKAHARVKFKLMTPFPH
YDL029W,YDL029W_314,309,TIKVGQERFEAPECLFQPGLVDVEQPGVGELLFNTVQSADVDIRSSLYKAIVLSGGSSMYPGLPS
YDR035W,YDR035W_310,309,FDKESVQNTKKQLEKAGLTDDSQKRIMIDCSHGNSNKDFKNQPKVAKCIYDQLTEGENSLCGVMI
YKR042W,YKR042W_316,310,DSYYQWQGKKTSAQYYVNNAGVSVEDGCIWGTEGSGVGNWAPVVLGAGYTDGITYLSIIPNPNNK
YLR438W,YLR438W_314,310,GELLCYDHYKAEAKPDIVLLGKALSGGVLPVSCVLSSHDIMSCFTPGSHGSTFGGNPLASRVAIA
YMR152W,YMR152W_313,311,DFFPVIDQFLKPKAKNSFYVTIAGNNKADYKNISWRDFVSLSSILKAINPFKKYNWRFGHPYPPN
YMR243C,YMR243C_313,312,ALFIWKTEYSWRYYSDPIVSLIITIIIFSSALPLSRRASRILLQATPSTISADQIQREILAVPGV
YOR260W,YOR260W_315,312,LQIRSHLLWNYPNLTVSTKLLNSFIYFCSFELCQLLKLGPQSMSRQASFKDPFTGNQQQQNPPTT
YOR375C,YOR375C_317,312,IISETGITSEQVADISSAKVNFKSLEQIVNEYSTFSENKVQYIAGARPWTHVQKVDIALPCATQN
YBR286W,YBR286W_317,313,TVATVGVPYKVGKKLIANIALNIDYSLYFAMDSYVEFIKTQNIIADTKHGDPDNIVALGAHSDSV
YPL160W,YPL160W_314,313,YSEKDGQACMDHDRQSGEGVTPQEYIGVKIEALEFADDAAKIIDSSSDLDKSKKFYFVAATLRPE
YPR004C,YPR004C_318,313,AIGATRASVDNGLCDNSLQIGQTGKVVAPNLYIAIGVSGAVQHLAGMKDSKVIVAINNDPDAPIF
YKL060C,YKL060C_317,314,KEEKPLFLVFHGGSGSTVQEFHTGIDNGVVKVNLDTDCQYAYLTGIRDYVLNKKDYIMSPVGNPE
YBR196C,YBR196C_317,315,STNETEVAKFGIDTKNMFGFESWVGGRYSVWSAIGLSVALYIGYDNFEAFLKGAEAVDNHFTQTP
YDR127W,YDR127W_322,315,KVKAEVVSSDERESSLRNLLNFGHSIGHAYEAILTPQALHGECVSIGMVKEAELSRYFGILSPTQ
YGR185C,YGR185C_321,316,PGNVEENGLLSFVQYVIAPIQELKFGTNHFEFFIDRPEKFGGPITYKSFEEMKLAFKEEKLSPPD
YGR189C,YGR189C_321,316,YSTGKKYTYGDQSGSWESIEADGGSIYGRYDQAQEDFAVLANGGSISSSSTSSSTVSSSASSTVS
YKL182W,YKL182W_319,316,GFTPGELRSYLKGATGHSQGLVTAVAIAETDSWESFFVSVRKAITVLFFIGVRCYEAYPNTSLPP
YKR048C,YKR048C_322,316,ELGYSGDFIYDHAEGCEISWKDNAHNVTVDLEMRKQRNKTTKQVRTIEKITPIESFFNFFDPPKI
YOL061W,YOL061W_318,317,NLYCKPIAQNYIQHRIPDYQDAVIVSPDAGGAKRATAIADALELSFALIHKERRSQLLKGPPDAT
YPR124W,YPR124W_320,317,ATMSFVLTYVFAVITGLALSEVFFNRCKIAMLKRWDIQREIQKAKSCPGFGNCQCGRHPEPSPDP
YFL039C,YFL039C_321,318,EALFHPSVLGLESAGIDQTTYNSIMKCDVDVRKELYGNIVMSGGTTMFPGIAERMQKEITALAPS
YML126C,YML126C_321,319,QVYKSYSKKAISKGLVSDPAGSDALNVLKYFDYNVFHVPTCKLVTKSYGRLLYNDFRANPQLFPE
YOL060C,YOL060C_323,319,TPIENVFTMSADTILDDKTVEKIFNSGFSRIPIFLPNEPNNFIGMLLVRVLISYDPDDCLPISHF
YAL012W,YAL012W_320,320,AALSANKIAEFLAADKENVVAVNYPGLKTHPNYDVVLKQHRDALGGGMISFRIKGGAEAASKFAS
YDR388W,YDR388W_322,320,GNVEEQTDALTITHFKLGYSKAKLEMTRRKYGVATAEGSPVSGASSGVGYGAGYDPATATSPTPT
YJL034W,YJL034W_322,320,VFEVQATSGDTHLGGEDFDYKIVRQLIKAFKKKHGIDVSDNNKALAKLKREAEKAKRALSSQMST
YNL071W,YNL071W_320,320,SIIGERLLQSTQGIPSYIVSSKISISKLLKLRQSLNATANDKYKLSINDLLVKAITVAAKRVPDA
YBR286W,YBR286W_324,321,YKVGKKLIANIALNIDYSLYFAMDSYVEFIKTQNIIADTKHGDPDNIVALGAHSDSVEEGPGIND
YBL016W,YBL016W_326,322,LPMYPAAPLEKMFPRVNPKGIDLLQRMLVFDPAKRITAKEALEHPYLQTYHDPNDEPEGEPIPPS
YBR177C,YBR177C_324,322,KSPLSAAATLCNPWDLLLSAIRMSQDWWSRTLFSKNIAQFLTRTVQVNMGELGVPNGSLPDHPPT
YBR158W,YBR158W_326,324,FKSVHNFKEFLRTSQETTQVMRPSHFILHKLHQVTQPDIERLSRMECQNLKWLEFYVCPRITPPL
YGR189C,YGR189C_333,326,DQSGSWESIEADGGSIYGRYDQAQEDFAVLANGGSISSSSTSSSTVSSSASSTVSSSVSSTVSSS
YHR174W,YHR174W_331,326,ESDKSKWLTGVELADMYHSLMKRYPIVSIEDPFAEDDWEAWSHFFKTAGIQIVADDLTVTNPARI
YPR040W,YPR040W_327,326,RVMNERLLLLSRFFLRVDDVLVRVYDTRIYVEFDENVVIRESKEFEGKYQDVLAKHRLSQSHDPK
YBL099W,YBL099W_330,328,VAATASEAAPLQYLAPFTAASIGEWFRDNGKHALIVYDDLSKQAVAYRQLSLLLRRPPGREAYPG
YCR052W,YCR052W_331,328,EQTEAQDGSNDAEDSSNENNNKNGAGDDDGVEGSTPKDKPELGEVKLDSLLQKVLDTNAAHLPLM
YMR237W,YMR237W_332,329,YLVETLVEIVRLTKSLEACRKMLKKLIEIHPEAVIILIRVYFACDLEIDAVDLINEQLNSPSSFL
YOL151W,YOL151W_332,329,FTMQDVLDILNEDFPVLKGNIPVGKPGSGATHNTLGATLDNKKSKKLLGFKFRNLKETIDDTASQ
YPL247C,YPL247C_333,330,WDLQSSHYVKTQLIAHDSEVFDVRFLTKSTQLFASCGGDGSVRVFDLRSLAHSTIIYEPPSSSVS
YBR221C,YBR221C_331,331,INLRSIRPLDTEAIIKTVKKTNHLITVESTFPSFGVGAEIVAQVMESEAFDYLDAPIQRVTGADV
YDR190C,YDR190C_334,331,LLKPKKTEITEKLRQEVNKVVAKYIDQGVAELIPGVLFIDEVNMLDIEIFTYLNKALESNIAPVV
YGL099W,YGL099W_332,332,EKQKEMGEDYREQDFEEADKEGFDADEKVMEKVKILSIDQLEELFLSKAPNEPLLPPLPGQPPLI
YHR068W,YHR068W_336,332,PKQLRVDIVGDIRKINSMSMAAYRAGMIILGGGLIKHHIANACLMRNGADYAVYINTGQEYDGSD
YNL016W,YNL016W_335,332,NMNMGMNMNMNMNMNNSRGMPPSSMGMPIGAMPLPSQGQPQQSQTIGLPPQVNPQAVDHIIRSAP
YGR180C,YGR180C_333,333,IHTYIEFVADGLLQGFGNEKYYNAVNPFEFMEDVATAGKTTFFEKKVSDYQKASDMSKSATPSKE
YCR034W,YCR034W_339,334,TATFAGCAIISSYLVLFISFYINVYKRKGTKTSRVVKRAHGGVAAKVNEYVNVDLKNVPTPSPSP
YDR411C,YDR411C_337,336,SQRETRTFSGRGQRLGTAPATLSQTSGTDSGRASGSQLRSGPSNLNQFQGRGQRVGQTNSPSDSQ
YBR249C,YBR249C_342,337,IDYSHGNSNKDFRNQPKVNDVVCEQIANGENAITGVMIESNINEGNQGIPAEGKAGLKYGVSITD
YIL039W,YIL039W_340,337,DLLLEGPALQPEFVEATWIFLNQLNERKFNGSTVLLTHVPFYKREGLCVDGPDTRYYPDAHAPES
YOR042W,YOR042W_338,337,QDQQEWEPEIVDLSQGGKNSRPQQPERRRFNSFGVQVGDDSLESHGITLHNEDGFEDDEDVPPQL
YFL039C,YFL039C_339,338,YNSIMKCDVDVRKELYGNIVMSGGTTMFPGIAERMQKEITALAPSSMKVKIIAPPERKYSVWIGG
YAL023C,YAL023C_341,339,KTYINHWLARIFGLIIVPFCIFLLCFKIHFDLLSHSGTGDANMPSLFQARLVGSDVGQGPRDIAL
YGL062W,YGL062W_344,339,VKLAKECGYRNAGTAEFLVDNQNRHYFIEINPRIQVEHTITEEITGIDIVAAQIQIAAGASLPQL
YHR042W,YHR042W_344,339,FSSNDRNCIHSEFDLSGSNIKYSTGDHLAVWPSNPLEKVEQFLSIFNLDPETIFDLKPLDPTVKV
YJR139C,YJR139C_341,339,TENKVLRFIGKVDVATKSVSVGIEKYDYSHPFASLKGSDNVISIKTKRYTNPVVIQGAGAGAAVT
YLR342W,YLR342W_342,339,NSLEAADFRWKAKMNQLSPLERVRHIALYLLCWGEANQVRFTAECLCFIYKCALDYLDSPLCQQR
YER086W,YER086W_342,340,PLPVVGTFADGTSVRMIGEETFRVAQQVVDEVVLVNTDEICAAVKDIFEDTRSIVEPSGALSVAG
YNR051C,YNR051C_345,340,GSVEAINAVNNSSLPNGKEVSDEKPVPGGVKEAETEIKPIEPQVSDAKESGNNASTPSSSPEPVA
YER151C,YER151C_346,341,HASKDAHELKKKTEVKKEDAKQDRNEKVIQEPQATVLPVVDKKEPEESVEENTSKTSSPSPSPPA
YMR093W,YMR093W_347,341,KVFDPLDNFQVKFGWKFSGPVLSCAVSPSTAQGNRHLVAGLSSGLLAIRTKKKEKRSSDKENAPA
YGL148W,YGL148W_344,342,RLRTKTNNSGGVQGGISNGENIYFSVPFKSVATISQEQKTATYDGEEGILAAKGRHDPAVTPRAI
YPL204W,YPL204W_349,343,NDHLFDWTMLRYTKAMVEKQRDLLIEKGDLNANSNAASASNSTDNKSETFNKIKLLAMKKFPTHF
YER143W,YER143W_349,344,IDVLIGLDMLKRHLACVDLKENVLRIAEVETSFLSEAEIPKSFQEGLPAPTSVTTSSDKPLTPTK
YKR066C,YKR066C_347,344,ANNEQWDSKSGYMMLPTDYSLIQDPKYLSIVKEYANDQDKFFKDFSKAFEKLLENGITFPKDAPS
YGR234W,YGR234W_345,345,PLLAMLEEQVKCNPNRPIYWIQSSYDEKTQAFKKHVDELLAECANVDKIIVHTDTEPLINAAFLK
YLR153C,YLR153C_349,345,KGVVHTTGGYLLGAALTTRYVFDIHPEDVLFTAGDVGWITGHTYALYGPLTLGTASIIFESTPAY
YOR108W,YOR108W_352,345,TELGMLAGADRVEGCLFGNGERTGNVDLVTVAMNMYTQGVSPNLDFSDLTSISEIVHRCNKIPIP
YDL168W,YDL168W_347,346,LEACHKGWGQSIIIGVAAAGEEISTRPFQLVTGRVWKGSAFGGIKGRSEMGGLIKDYQKGALKVE
YNL176C,YNL176C_351,346,SSSTVSISTISVPTSSSVSSSSSKVPSNRPSSSSSSDDTTSAYSSTYTFQSLQSTTSSSIPPTTQ
YGR145W,YGR145W_353,347,KIVTCDKRIAKIWDRLDGKAYASMEPSVDINDIEHVPGTGMFFTANESIPMHTYYIPSLGPSPRW
YFL039C,YFL039C_352,348,VRKELYGNIVMSGGTTMFPGIAERMQKEITALAPSSMKVKIIAPPERKYSVWIGGSILASLTTFQ
YHR007C,YHR007C_348,348,KNSTYKDGVKMTDQEIANLLIGVLMGGQHTSAATSAWILLHLAERPDVQQELYEEQMRVLDGGKK
YBR221C,YBR221C_353,350,KTNHLITVESTFPSFGVGAEIVAQVMESEAFDYLDAPIQRVTGADVPTPYAKELEDFAFPDTPTI
YBR283C,YBR283C_350,350,TGCLSVLFSYTILFYIHIFAFVLIQLVAKNEPTHIICKIMGHYENANNLLAVPTFPLSLLAPPTS
YDR158W,YDR158W_352,350,CHSAPKQTIHVLEQPDRPQPRLDRNRDSGYGVSVGRIREDPLLDFKMVVLSHNTIIGAAGSGVLI
YGR285C,YGR285C_354,351,EEKKEKERRKWEREAGARAEAEAKAKAEAEAKAKAESEAKANASAKADKKKAKEAAKAAKKKNKR
YLR337C,YLR337C_354,352,SSTKIQTENHKSPSQPPLPSSAPPIPTSHAPPLPPTAPPPPSLPNVTSAPKKATSAPAPPPPPLP
YDR091C,YDR091C_355,353,IYGVPSVYGVVTLPASVREGINIFLDGHIPAENLRFRTEALQFRIADATEDLQNDSASRAFSYPS
YJR121W,YJR121W_358,353,FTQAGSEVSALLGRIPSAVGYQPTLATDMGLLQERITTTKKGSVTSVQAVYVPADDLTDPAPATT
YOR375C,YOR375C_354,353,YIAGARPWTHVQKVDIALPCATQNEVSGEEAKALVAQGVKFIAEGSNMGSTPEAIAVFETARSTA
YPL050C,YPL050C_354,353,ASQMGDDEIIVEGYAEIATYRPLMAHFYDANGVPGEEMALDGVGGGCTLVKAEVHRDGAMFPNFP
YLR300W,YLR300W_357,354,HHYQVFASDQLERSIDEHIKVACEWGTGVLNESHWTVCGEFAAALTDCTKWLNSVGFGARYDGSW
YBR069C,YBR069C_360,355,GIEVLLLSAAEQENPTKSIPNACKKVVYRILLIYMLTTILVCFLVPYNSDELLGSSDSSGSHASP
YBR205W,YBR205W_358,355,IGSLDFFRSDAYREYFDYLDSSGGFFYERWGDAPVHSIAASLFLDKSEIHFFDGLGFHHPDFTSC
YGR083C,YGR083C_361,355,MLEVFQIVIKDYQTPKGTTLSRNLTSYLSHQIDLLKKARPLSVTMGNAIRWLKQEISLIDPSTPD
YNL064C,YNL064C_358,355,GIVPGEVIAPGMRKVIEGKGMPIPKYGGYGNLIIKFTIKFPENHFTSEENLKKLEEILPPRIVPA
YOR136W,YOR136W_357,355,HGSAPDIAGQDKANPTALLLSSVMMLNHMGLTNHADQIQNAVLSTIASGPENRTGDLAGTATTSS
YKL081W,YKL081W_362,357,KVGYKYNDELTLTFMSNNLVGGFFNRLSASTKYMFGCLVVYGENNNNGIVGAVMVRGQDFAPAFD
YML085C,YML085C_362,357,EPGNQMVKCDPRDGKYMATCLLYRGDVVTRDVQRAVEQVKNKKTVQLVDWCPTGFKIGICYEPPT
YPR074C,YPR074C_358,357,QKTILKPGVEANNKWNKLFSEYQKKFPELGAELARRLSGQLPANWESKLPTYTAKDSAVATRKLS
YDR394W,YDR394W_362,359,LTQMDGFDQSTNVKVIMATNRADTLDPALLRPGRLDRKIEFPSLRDRRERRLIFGTIASKMSLAP
YGR191W,YGR191W_361,359,MTAVSAAESKNPRETIPKAAKRTFWLITASYVTILTLIGCLVPSNDPRLLNGSSSVDAASSPLVI
YJL026W,YJL026W_361,359,VTEAVEIEQRYFLDALPVALLGMNADLMNQYVEFVADRLLVAFGNKKYYKVENPFDFMENISLAG
YIL074C,YIL074C_363,360,KANKIAGAALDVYPHEPAKNGEGSFNDELNSWTSELVSLPNIILTPHIGGSTEEAQSSIGIEVAT
YLR044C,YLR044C_362,360,YKTKNIVEFHSDHMKIRNATFPGVQMKFVLQKLLTTIADAAKGYKPVAVPARTPANAAVPASTPL
YPL028W,YPL028W_363,361,PKALKHAGIEDINSVDYFEFNEAFSVVGLVNTKILKLDPSKVNVYGGAVALGHPLGCSGARVVVT
YCR012W,YCR012W_367,362,EGIPAGWQGLDNGPESRKLFAATVAKAKTIVWNGPPGVFEFEKFAAGTKALLDEVVKSSAAGNTV
YNL085W,YNL085W_366,362,TLQNDSKENIQNYQRGISALRYMPVLKDTGKVELFVQEIVVSEEDSEKNNKDGKKSNLSSPSSAS
YDR517W,YDR517W_367,363,PVESETAFVPSAFTAPPVPTKKKSKNKKGTQPLAMDDYFNEGRDKSSTAAKSAESDILAPPPQKQ
YEL040W,YEL040W_365,364,SDTKKNGTSAYVYTSSSEFLAKDIAITDDEVMMDSDEGSGLDPHKGATTSSTQKSSSSTATSSSK
YBL046W,YBL046W_368,366,ESTKVQNFDKKNETPRKRKPTDLDNFEYDESPSFTNMDLTTPKKYKHTATGRFSIIESPSSSLLN
YIL015W,YIL015W_369,366,VNASYSEEEGIYILDCPVSVGDVEYNFDFGDLQISVPLSSLILSPETEGSYCGFAVQPTNDSMVL
YBR068C,YBR068C_370,367,ALSVQEQSNPRKSTPVAAKRSIYRIVVIYLLTMILIGFNVPYNDDQLMGAGGSATHASPYVLAAS
YGL008C,YGL008C_368,367,VWTACFYRTNGIVRILRYTLGITIIGVPVGLPAVVTTTMAVGAAYLAKKQAIVQKLSAIESLAGV
YKL184W,YKL184W_371,367,PVGCGVDIIAEPGRYFVATAFTLASHVIAKRKLSENEAMIYTNDGVYGNMNCILFDHQEPHPRTL
YLL013C,YLL013C_379,367,GFPPNQFHQGPHYQNFPNYLIGSPSNFISQMISVQIPANEDTEDSNGKKKKKANRPSSVSSPSSP
YML008C,YML008C_375,370,YLGRQFTTAMVTVMEKLGLAPEGSKEVTAALENAAVGLVAGGKSKLFTPMMLFVARKPENAETPS
YOR230W,YOR230W_375,370,NGEDPIQNEIANFYHAGGDSVVDVQFSATSSSEFFTVGGTGNIYHWNTDYSLSKYNPDDTIAPPQ
YER070W,YER070W_374,371,IDIRKNHGKEEIRARDLFPALWIPDLFMKRVEENGTWTLFSPTSAPGLSDCYGDEFEALYTRYEK
YNL035C,YNL035C_374,371,GEDGCVKIWENKQGPLDIPENFWDYSKKMNVLGDDDREGSINLDEPLIIQKESVSTRPRKEKHKK
YNL085W,YNL085W_376,371,IQNYQRGISALRYMPVLKDTGKVELFVQEIVVSEEDSEKNNKDGKKSNLSSPSSASSSASPATTV
YBR287W,YBR287W_379,373,SAEVFPKTVHHSKLLIGSIIGRMILPSCFLLPIIAIAVKYINVSILDDPIFLVVGFLLTVSPPAI
YDL185W,YDL185W_377,373,DGRPREVIKLPRGRETMYSVVQKSQHRAHKSDSSREVPELLKFTCNATHELVVRTPRSVRRLSRT
YPL106C,YPL106C_373,373,LERVTEPVTKALAQAKLSAEEVDFVEIIGGTTRIPTLKQSISEAFGKPLSTTLNQDEAIAKGAAF
YAL038W,YAL038W_379,374,VSDVGNAILDGADCVMLSGETAKGNYPINAVTTMAETAVIAEQAIAYLPNYDDMRNCTPKPTSTT
YFR009W,YFR009W_376,374,KKLDNEREDLDNHLIQISDKLVDMESDKAEARAASILYGLGFSTEAQQQPTNSFSGGWRMRLSLA
YMR272C,YMR272C_379,374,GLFGYVCYDECHFFLHHSKLPPFMRKLKKYHLEHHYKNYQLGFGVTSWFWDEVFGTYLGPDAPLS
YCR052W,YCR052W_380,375,DSLLQKVLDTNAAHLPLMNVVQTVNKLVSPLPPIILDYTIDLSKDTTYGATTLDVDVSHILHQPQ
YER178W,YER178W_379,375,DPGTTYRTRDEIQHMRSKNDPIAGLKMHLIDLGIATEAEVKAYDKSARKYVDEQVELADAAPPPE
YLR259C,YLR259C_377,375,LTGGTVFTEELDLKPEQCTIENLGSCDSITVTKEDTVILNGSGPKEAIQERIEQIKGSIDITTTN
YHR019C,YHR019C_380,376,GDVYTIQESFRAEKSHTRRHLSEYTHIEAELAFLTFDDLLQHIETLIVKSVQYVLEDPIAGPLVK
YOR270C,YOR270C_377,376,KAIFEILNKSNYDTNRKILIAEGWIPRDELATLQARLGEMIARLGIDVPSIIQVLDTNHTPPTFH
YML086C,YML086C_383,378,VDEWGCPMDNGLEVLRSLDHSIAQAAINKEFYVHVPMEVRCSNTTLPSEPLDTSKRTNTSPGPVY
YML124C,YML124C_383,379,YRGDVVTRDVQRAVEQVKNKKTVQMVDWCPTGFKIGICYEPPSVIPSSELANVDRAVCMLSNTTA
YPL106C,YPL106C_382,380,VTKALAQAKLSAEEVDFVEIIGGTTRIPTLKQSISEAFGKPLSTTLNQDEAIAKGAAFICAIHSP
YDL195W,YDL195W_384,381,DNKIEVQTLQNLTNTLDEQETETKQQESETDFWNNVSREESKEKPTVFHLQAPTWYGEPSPAAHW
YFL026W,YFL026W_382,381,GTLSSFQTDSINNDAKSSLRSRLYDLYPRRKETTSDKHSERTFVSETADDIEKNQFYQLPTPTSS
YOR317W,YOR317W_385,381,FELLSFYWGACIGYATVKTLTSSSVRNCQGDLQEFKPTIMVGVAAVWETVRKGILNQIDNLPFLT
YMR011W,YMR011W_382,382,QSLQQLTGNNYFFYYGTTIFNAVGMKDSFQTSIVLGIVNFASTFVALYTVDKFGRRKCLLGGSAS
YDL229W,YDL229W_390,383,LKDAKISKSQIDEVVLVGGSTRIPKVQKLLSDFFDGKQLEKSINPDEAVAYGAAVQGAILTGQST
YLR378C,YLR378C_387,384,VWGIRPGTQGPQMALSGLAYYIQPLMSLSEALLDPIKTIVYITFVLGSCAVFSKTWIEISGTSPR
YGR055W,YGR055W_386,385,AADFFDIVFGGQAKRAAAALVGLSALGNVLSVIFSQGRIIQQLGREGVLPFSNFFASSKPFNSPM
YGR240C,YGR240C_388,385,VDELVAEGRFTKEEVAPYKNLSIVGLVGSIDNDMSGTDSTIGAYSALERICEMVDYIDATAKSHS
YLR401C,YLR401C_390,385,LAVPLIQGTNSEWALPKAHTSEFPGFGVQVACSKAWQAAKAAEALANSVSEISEINLNSGCPIDL
YNL209W,YNL209W_390,385,DAKISKSQIDEVVLVGGSTRIPKVQKLLSDFFDGKQLEKSINPDEAVAYGAAVQGAILTGQSTSD
YPR190C,YPR190C_386,385,IRDPLTQTGLLQDLEEAKSFQDEAELVEEKTPGLTFNAIDLARHLPAELDLRGSLLSRKPSDNKK
YDL007W,YDL007W_390,386,ATNKIETLDPALIRPGRIDRKILFENPDLSTKKKILGIHTSKMNLSEDVNLETLVTTKDDLSGAD
YKL103C,YKL103C_392,386,SDLFSTVTLYDNEEIGSLTRQGAKGGLLESVVERSSSAFTKKPVDLHTVWANSIILSADVNHLYN
YNL118C,YNL118C_394,388,IFPSLSEPFANNKNVIPPTMPMANVFMSNPQLFATMNGQPFAPFPFMLPLTNNSNSANPIPTPVP
YPL028W,YPL028W_392,388,GLVNTKILKLDPSKVNVYGGAVALGHPLGCSGARVVVTLLSILQQEGGKIGVAAICNGGGGASSI
YER025W,YER025W_394,389,IEDLKGGVAGGSILNGVFKLGDEIEIRPGIVTKDDKGKIQCKPIFSNIVSLFAEQNDLKFAVPGG
YLR438W,YLR438W_394,389,AQLGSSFIAQLKALQAKSNGIISEVRGMGLLTAIVIDPSKANGKTAWDLCLLMKDHGLLAKPTHD
YBL091C,YBL091C_398,391,DHQVMPTLDSAKNLLKTIDRNFGTLPFCRRYLDRLGQEKYLFALNNLVRHGLVQDYPPLNDIPGS
YLL013C,YLL013C_397,391,SNFISQMISVQIPANEDTEDSNGKKKKKANRPSSVSSPSSPPNNSPFPFAYPNPMMFMPPPPLSA
YHR094C,YHR094C_396,393,LQQLTGDNYFFYYGTIVFQAVGLSDSFETSIVFGVVNFFSTCCSLYTVDRFGRRNCLMWGAVGMV
YJR016C,YJR016C_396,393,KPSGKYVMADLINVGGTQSVIKYLYENNMLHGNTMTVTGDTLAERAKKAPSLPEGQEIIKPLSHP
YLR259C,YLR259C_394,393,TIENLGSCDSITVTKEDTVILNGSGPKEAIQERIEQIKGSIDITTTNSYEKEKLQERLAKLSGGV
YCR012W,YCR012W_394,394,NGPPGVFEFEKFAAGTKALLDEVVKSSAAGNTVIIGGGDTATVAKKYGVTDKISHVSTGGGASLE
YPL256C,YPL256C_401,394,NSLMEVYKTVNGVLPFINQVKEYHLDLQRKLQIASNLNISRKLTISTPSCSFENSNSTSIPSPAS
YBL076C,YBL076C_400,395,ACLKNGVISEDSVLPNAIDDLGRFTKDVPDFEGVYVKDADKLIIKYLTNTGNLLLASQIRHSYPF
YFR024C-A,YFR024C-A_403,395,RWADDEYDDYDDDYESGYRRGNGRDRTKDREVDDLSNRFSKSRISSASTPQTSQGRFTAPTSPST
YDL185W,YDL185W_401,396,SQHRAHKSDSSREVPELLKFTCNATHELVVRTPRSVRRLSRTIKGVEYFEVITFEMGQKKAPDGR
YER151C,YER151C_399,397,SSPSPSPPAAKSWSAIASDAIKSRQASNKTVSGSMVTKTPISGTTAGVSSTNMAAATIGKSSSPL
YJL186W,YJL186W_399,397,LDGTMPDLSSESGQMVIDKIRHFNTLLLALYYNVYGPTWYYKMISQGTAGEGDKDTFVAAAHALN
YOR323C,YOR323C_400,398,VTSTESAIQHINTHSSRHTDAIVTENKANAEKFMKGVDSSGVYWNASTRFADGFRYGFGAEVGIS
YER086W,YER086W_401,399,ALSVAGMKKYISTVHPEIDHTKNTYVPILSGANMNFDRLRFVSERAVLGEGKEVFMLVTLPDVPG
YLR044C,YLR044C_400,399,AAKGYKPVAVPARTPANAAVPASTPLKQEWMWNQLGNFLQEGDVVIAETGTSAFGINQTTFPNNT
YJL134W,YJL134W_402,400,KVFHLKDDRNVAARKRLEATHKEGASKYECPLYIGEPKIDILGRFIIYAGVPFTVVMCSPVLFSL
YMR300C,YMR300C_407,401,IMPNQRERVSSVRRKLNPMESEFKGKKVLIVDDSIVRGTTSKEIVNMAKESGATKVYFASAAPAI
YER043C,YER043C_404,402,ANGRLVNLGCATGHSSFVMSCSFSNQVLAQIALFKSNDKSFREKHIEFQKTGPFEVGVHVLPKIL
YBL076C,YBL076C_411,403,SEDSVLPNAIDDLGRFTKDVPDFEGVYVKDADKLIIKYLTNTGNLLLASQIRHSYPFCWRSDTPL
YOR230W,YOR230W_410,404,FTVGGTGNIYHWNTDYSLSKYNPDDTIAPPQDATEESQTKSLRFLHKGGSRRSPKQIGRRNTAAW
YBR143C,YBR143C_408,406,KDKSFAIDKATGQEMDVVSEEPLIEWLAANYKNFGATLEFITDKSSEGAQFVTGFGGIGAMLRYK
YPL093W,YPL093W_409,407,LKSQSRINNVLNKIHVAQPQARDDVKRTPFIPESVKNLKKYDPEDPNRRKLARDIEAENGGAGVF
YBR078W,YBR078W_409,408,VCKNGATSTSVKLSSTSTESSKSSATSSASSSGDASNAQANVSASASSSSSSSKKSKGAAPELVP
YGR189C,YGR189C_410,408,SVSSSSSTSPSSSTATSSKTLASSSVTTSSSISSFEKQSSSSSKKTVASSSTSESIISSTKTPAT
YDL040C,YDL040C_413,409,PLYQRRKSKVSPLLEKIVLDYLSGLDPTQDPIPFIWTNYYLSQHFLFLKDFPKAQEYIDAALDHT
YJR065C,YJR065C_413,409,YNNIVLSGGSTMFKDFGRRLQRDLKSIVNNRIAQSELLSGTKSTGVDVSVISHRKQRNAVWFGGS
YPL204W,YPL204W_412,409,YYKNEDKHNPSPEEIKQQTILNNNAASSLPEELLNALDKGMENLRQQQPQQQVQSSQPQPQPQQL
YGL206C,YGL206C_412,410,VALALIVATRGGLPGADDLFQKQFESLLLQNDYQNAAKVAASSTSLRNQNTINRLKNIQAPPGAI
YBR127C,YBR127C_417,411,YITEGQIFVDRQLHNKGIYPPINVLPSLSRLMKSAIGEGMTRKDHGDVSNQLYAKYAIGKDAAAM
YCR077C,YCR077C_413,412,MQSQVEKAVTVAKERPSKLKDQQAAAGNSSQDNKQANTVLGKISSTLNSKNPRRQLQIPRQQPSD
YGR204W,YGR204W_419,414,YKAKISPKVIERLQTRQNGKYILVSGITPTPLGEGKSTTTMGLVQALTAHLGKPAIANVRQPSLG
YMR186W,YMR186W_414,414,PEWLSFVKGVVDSEDLPLNLSREMLQQNKIMKVIRKNIVKKLIEAFNEIAEDSEQFDKFYSAFAK
YGR240C,YGR240C_419,415,DNDMSGTDSTIGAYSALERICEMVDYIDATAKSHSRAFVVEVMGRHCGWLALMAGIATGADYIFI
YDL182W,YDL182W_417,416,LTDDQIKEVTAKIKKLGDVRSLNIDDVDSIIKNFHAEVSTPQVLSAKKNKKNDSDVPELATIPAA
YGL022W,YGL022W_420,416,PAFFFDTHFLIWLFPAGVFLLFLDLKDEHVFVIAYSVLCSYFAGVMVRLMLTLTPVICVSAAVAL
YNL071W,YNL071W_420,416,PIVKNCEAKGLSQISNEIKELVKRARINKLAPEEFQGGTICISNMGMNNAVNMFTSIINPPQSTI
YEL040W,YEL040W_418,417,KSSSSTATSSSKTSSDHSSSTKKSSKTSSTASSSSSSSSSSSSSSSTATKNGDKVVSSVSSSVTS
YLL011W,YLL011W_422,417,MDSKYIISGSDDGNVRLWRSKAWERSNVKTTREKNKLEYDEKLKERFRHMPEIKRISRHRHVPQV
YMR015C,YMR015C_417,417,VLAKIREEQLAVRNNDMSTELNLDLIEKMKYTNMVIKETLRYRPPVLMVPYVVKKNFPVSPNYTA
YHR183W,YHR183W_422,420,WRGGCIIRSVFLGQITKAYREEPDLENLLFNKFFADAVTKAQSGWRKSIALATTYGIPTPAFSTA
YNL045W,YNL045W_424,420,LNEGWTVYLERRIIGAIHGEPTRHFSALIGWSDLQNSIDSMKDPERFSTLVQNLNDNTDPDDAFS
YNL176C,YNL176C_427,420,SPIPTSSQVFNTVAISSSEDSKTIYYFYTQTYDITDSSTTFVTGLPTTIAVAKSEVTSFSAPSST
YPL160W,YPL160W_421,420,PKRGFYKPIVTVPGKAFIGTKIHAPQSVYPELRILPMETVIATKGTGVVTCVPSNSPDDYITTKD
YDR508C,YDR508C_425,422,MTASEQSNPRKAIPSAAKKMIYRILFVFLASLTLVGFLVPYTSDQLLGAAGSATKASPYVIAVSS
YIL109C,YIL109C_425,422,SENNEESADQINMMDIADLEEPFLPRPNSMVVSLKACRQNIETLLTKIPQIFQSNLITNFALGPA
YJR143C,YJR143C_426,422,EDGRISSAGQQVTGYTHPDFNNQWEVLPPHGSDVGKGQAVLLNQHIRLRHVATDTYLLAHDVASP
YNL317W,YNL317W_426,422,HIFATAAKDRTIRFWTRARPIDPNAYDDPTYNNKKINGWFFGINNDINAVREKSEFGAAPPPPAT
YPL106C,YPL106C_424,422,STTLNQDEAIAKGAAFICAIHSPTLRVRPFKFEDIHPYSVSYSWDKQVEDEDHMEVFPAGSSFPS
YKL185W,YKL185W_429,423,LQIKKLLANRDILSNNSKSNVRKPSKNKISKQASNVFGNTARQLVMKLDNASYSSVSASSSPSPS
YLR044C,YLR044C_425,423,PLKQEWMWNQLGNFLQEGDVVIAETGTSAFGINQTTFPNNTYGISQVLWGSIGFTTGATLGAAFA
YER165W,YER165W_427,424,GFVCFSTPEEATKAITEKNQQIVAGKPLYVAIAQRKDVRRSQLAQQIQARNQMRYQQATAAAAAA
YFR028C,YFR028C_429,425,RLQKKKLKDDKRVAQNNIEGELRDLTMTPPSNGHGALSARNSSQPSTANNGSNSFKSSAVPQTSP
YOR153W,YOR153W_427,425,IYQCSQDAYDLFNKVCVLDDGYQIYYGPADKAKKYFEDMGYVCPSRQTTADFLTSVTSPSERTLN
YDL167C,YDL167C_430,427,NFQRRTACFRCSFPAPSNSQIHTANSNNNVNSSRNNLNNRVNSGSSSNISNTAANHPYGAPEFNM
YOR230W,YOR230W_430,427,DDTIAPPQDATEESQTKSLRFLHKGGSRRSPKQIGRRNTAAWHPVIENLVGTVDDDSLVSIYKPY
YAL023C,YAL023C_433,429,DGSNQQQVTCYGYKDANNEWFFNRERGLPSWSENETDIEYLKPGTSYRLVHKSTGRNLHTHPVAA
YMR145C,YMR145C_434,429,ENIPYGVLVWATGNAPREVSKNLMTKLEEQDSRRGLLIDNKLQLLGAKGSIFAIGDCTFHPGLFP
YPL226W,YPL226W_432,429,SSVTFVAEVTEPSLSLLVPILNRSLNLSSSSQEQLRQTVIVVENLTRLVNNRNEIESFIPLLLPG
YJL081C,YJL081C_434,431,EEKPPKENNELIGLADLVYSSIMSSDVDLRATLAHNVVLTGGTSSIPGLSDRLMTELNKILPSLK
YOL030W,YOL030W_436,432,FTSGAGSPMGTGIATQQSCDAKDDDDEEDDDTSSSSSSSSSSSSSASSSSESSSSTSKASSSSPS
YDL106C,YDL106C_438,433,EGRQVNDAFVGGSNIPHTLKGLQKSLRFMNSLILDYKSSNEILPTINTAIPTAAVPQQNIAPPFL
YER082C,YER082C_436,433,AGNKVENLGFVPFEDLLGVGHQTGITNLIVPGAGEANYDALELNPFETKKQRQEQEVRTLLNKLP
YIL015W,YIL015W_440,433,VFLSSAYVVFDLDNYKISLAQANWNASEVSKKLVNIQTDGSISGAKIATAEPWSTNEPFTVTSDI
YHR042W,YHR042W_435,435,QFAPNADVKEKLTLLSKDKDQFAVEITSKYFNIADALKYLSDGAKWDTVPMQFLVESVPQMTPRY
YML085C,YML085C_435,435,VCMLSNTTSIAEAWKRIDRKFDLMYAKRAFVHWYVGEGMEEGEFTEAREDLAALERDYIEVGADS
YML124C,YML124C_441,435,VCMLSNTTAIADAWKRIDQKFDLMYAKRAFVHWYVGEGMEEGEFTEAREDLAALERDYIEVGADS
YPL151C,YPL151C_437,435,YDYKSGHKYQSLATREMVGSLEGERSVLCSTFDKTGLRLITGEADKSIKIWKQDETATKESEPGL
YBR079C,YBR079C_438,436,YGKVDEELKELYDIIEVNFDVDTVKQQLENLLVKLSSKTYFSQYIAPLRDVIMRRVFVAASQKFT
YHR007C,YHR007C_439,436,HHPLHSLFRKVMKDMHVPNTSYVIPAGYHVLVSPGYTHLRDEYFPNAHQFNIHRWNKDSASSYSV
YFR051C,YFR051C_439,437,QSLGVLRWRKVAPAEDDSLIPLTLTTWVSPSESQQGFDVIIEYESVLETELADVIFTIPVFPQEP
YGR094W,YGR094W_439,437,ATTRPETIFGDTAVAVHPDDDRYKHLHGKFIQHPFLPRKIPIITDKEAVDMEFGTGAVKITPAHD
YGL130W,YGL130W_439,438,SVVQKVLESINDSVSLEDLEEIVGDIKRCWDERRANMAGGSGRPLPSQSQNATLSTSKPVHSQPP
YML086C,YML086C_441,438,PGPVYGNVCRPFLDNTPSHCRFAPLENVTNSQLTLYINATIYRPFGCNTPIHKWFTLFENTMMVA
YDR037W,YDR037W_443,439,PADPAKELELNFSRPWKRINMIEELEKVFNVKFPSGDQLHTAETGEFLKKILVDNKLECPPPLTN
YMR246W,YMR246W_442,439,NELPGWSQTLFWTVYALKERNIPCSGLLSGLIFKRIREATGGNLRFILNGGSAISIDAQKFLSNL
YHR094C,YHR094C_446,441,DRFGRRNCLMWGAVGMVCCYVVYASVGVTRLWPNGQDQPSSKGAGNCMIVFACFYIFCFATTWAP
YHR005C,YHR005C_447,444,LFLNKIDLFEEKVKSMPIRKYFPDYQGRVGDAEAGLKYFEKIFLSLNKTNKPIYVKRTCATDTQT
YMR058W,YMR058W_451,444,IYGSNTHTFILEKDEIVEIVLNNQDTGTHPFHLHGHAFQTIQRDRTYDDALGEVPHSFDPDNHPA
YPL151C,YPL151C_447,444,QSLATREMVGSLEGERSVLCSTFDKTGLRLITGEADKSIKIWKQDETATKESEPGLAWNPNLSAK
YMR296C,YMR296C_449,445,ACLPAYTVTSVSKVLKLMDSNNDAVQTLQKLSKSLHDSFASDDSLRSYVIVTSSPVSAVLHLQLT
YBL099W,YBL099W_451,447,FLEAELFYKGIRPAINVGLSVSRVGSAAQVKALKQVAGSLKLFLAQYREVAAFAQFGSDLDASTK
YLL018C,YLL018C_461,447,EFKLPKDGKMVRLTYKEGIEMLRAAGKEIGDFEDLSTENEKFLGKLVRDKYDTDFYILDKFPLEI
YLR153C,YLR153C_447,447,KYDTSSLRVLGSVGEPISPDLWEWYHEKVGNKNCVICDTMWQTESGSHLIAPLAGAVPTKPGSAT
YPL247C,YPL247C_447,447,LNLQGHGSSVNGIKWHPTKRNVLLSCGDDCQVLYWDLNSSFMEINAAGSKSPSIHGTSLEDPDGD
YBR127C,YBR127C_452,448,EGMTRKDHGDVSNQLYAKYAIGKDAAAMKAVVGEEALSIEDKLSLEFLEKFEKTFITQGAYEDRT
YDR234W,YDR234W_450,448,SGAWEKLLKAGCIPLPSGCGPCIGLGAGLLEPGEVGISATNRNFKGRMGSKDALAYLASPAVVAA
YER073W,YER073W_451,449,GGARHGSKGYFVKPTVFADVKEDMRIVKEEVFGPIVTVSKFSTVDEVIAMANDSQYGLAAGIHTN
YIL075C,YIL075C_452,449,LPGSRASSRFIKGGSLYGLGLIYAGFGRDTTDYLKNIIVENSGTSGDEDVDVLLHGASLGIGLAA
YBR079C,YBR079C_455,452,VNFDVDTVKQQLENLLVKLSSKTYFSQYIAPLRDVIMRRVFVAASQKFTTVSQSELYKLATLPAP
YKL039W,YKL039W_455,452,GSIVSSFIYVGMNTIDMIEKNWRSRFFVTDFWPTLVYFIVFVTIAFLWRPTDTSYMLAASQQLPT
YMR205C,YMR205C_456,452,NCGWLALLAGIATSADYIFIPEKPATSSEWQDQMCDIVSKHRSRGKRTTIVVVAEGAIAADLTPI
YIL078W,YIL078W_456,453,GHWANYKENMFTFEVEKETFGLKPMNCPGHCLMFKSRERSYRELPWRVADFGVIHRNEFSGALSG
YGR211W,YGR211W_461,454,RQVYEELESRIFTQTSDSMDEATKARWVEFFAKLKEAIAGKVKFTVIMEDPLAGSYIQNVYAPDP
YJL101C,YJL101C_455,454,LENDKAPLDYDLAKHFAHLYIRDPVSTFEELLNQDNKTSSNHFENIQSTNWQTLRFKPPTQQATP
YBR286W,YBR286W_455,455,YEIYDANNKENPKGSEELKNLYVDYYKAHHLNYTLVPFDGRSDYVGFINNGIPAGGIATGAEKNN
YGL253W,YGL253W_460,456,VCGIAAICQKRGYKTGHIAADGSVYNRYPGFKEKAANALKDIYGWTQTSLDDYPIKIVPAEDGSG
YDL185W,YDL185W_462,460,RIVELVKEVSKSYPISEGPERANELVESYRKASNKAYFEWTIEARDLSLLGSHVRKATYQTYAPI
YHR019C,YHR019C_465,461,AITWLNEHDIKNEEGEDFKFGDDIAEAAERKMTDTIGVPIFLTRFPVEIKSFYMKRCSDDPRVTE
YMR011W,YMR011W_463,461,SLYPNGKDQPSSKAAGNVMIVFTCLFIFFFAISWAPIAYVIVAESYPLRVKNRAMAIAVGANWIW
YGL207W,YGL207W_463,462,LKDSQSANNYALQLADTVQIPLDETEPPRFLTNYTKAKSQISFYFNNEEEDNNKKKSSPATKVPS
YKL185W,YKL185W_465,462,TARQLVMKLDNASYSSVSASSSPSPSTPTKSGKMRSRSSSPVRPKAYTPSPRSPNYHRFALDSPP
YLR212C,YLR212C_464,462,FLNNYNVGDLFQSMQNVQDEFAESREVVQSLMEDYVAAEQDSYLDDVLVDDENMVGELEEDLDAD
YOR128C,YOR128C_464,464,VGIIMGSDSDLPVMSAACAVLKDFGVPFEVTIVSAHRTPHRMSAYAISASKRGIKTIIAGAGGAA
YKL127W,YKL127W_468,468,HRRNPEKEASIKTIQDEFWNEYGRTFFTRYDYEHIECEQAEKVVALLSEFVSRPNVCGSHFPADE
YPL256C,YPL256C_470,468,NMSSLSDNSVFSRNMEQSSPITPSMYQFGQQQSNSICGSTVSVNSLVNTNNKQRIYEQITGPNSN
YPL061W,YPL061W_469,469,VTVAKFKTLEEGVEMANSSEFGLGSGIETESLSTGLKVAKMLKAGTVWINTYNDFDSRVPFGGVK
YDR037W,YDR037W_472,470,KFPSGDQLHTAETGEFLKKILVDNKLECPPPLTNARMLDKLVGELEDTCINPTFIFGHPQMMSPL
YDR341C,YDR341C_470,470,RKGTVVFLDNILEETKEKMHEVMKKNENKYAQIEHPEEVADLVGISAVMIQDMQGKRINNYEFKW
YER056C,YER056C_478,477,YFDGFMENFMDSIGYYLAIYIAISCSEHFFYRRSFSAYNIDDWDNWEHLPIGIAGTAALIVGAFG
YER082C,YER082C_481,480,TKKQRQEQEVRTLLNKLPADTITLDPNSIGSVDKRSSTIRLNAKDLAQTTMDANNKAKTNSDIPD
YGL190C,YGL190C_482,480,NSHKRRSNGRNTGMVGSSNSSRSSIAGGEGANSEDSGTEMNEIVLQADKTAFRNKRYGSLAQRSA
YDL156W,YDL156W_484,481,RDHLSAKLEPKLTIQHNCQTGRWTSILKARFKPNKNVFAIANMKRAIDIYNSEGQQLAHLPTATV
YOR335C,YOR335C_483,482,DTYGFPVDLTELMAEEQGLKIDGPGFEKAKQESYEASKRGGKKDQSDLIKLNVHELSELNDAKVP
YGR124W,YGR124W_485,484,KDFLQLCMNIDPNEKMIKPKEGRIEKYILRKAFDTTDEPDVKPYLPEEILWRQKEQFSDGVGYSW
YGL026C,YGL026C_488,485,TCTVFMGAEDVRRQALNVFRMRILGAKVIAVTNGTKTLRDATSEAFRFWVTNLKTTYYVVGSAIG
YOL051W,YOL051W_487,485,QAQAQAQAQAQAQAQAQAAQAAQAQAQAQAQAQAQAQAQAQAQAQAQAQAQAQAQAHAQHQPSQQ
YGL190C,YGL190C_488,486,SNGRNTGMVGSSNSSRSSIAGGEGANSEDSGTEMNEIVLQADKTAFRNKRYGSLAQRSARNKDWG
YBR127C,YBR127C_490,489,KLSLEFLEKFEKTFITQGAYEDRTVFESLDQAWSLLRIYPKEMLNRISPKILDEFYDRARDDADE
YOR023C,YOR023C_490,489,NETPDDLNEYLKQREIQLRYQKEQEEESSKSDDEASYVPSPSLSATATTTTTTDPPSPPVLSSSL
YBR126C,YBR126C_494,490,NPWNTDDLSDAINEALTLPDVKKEVNWEKLYKYISKYTSAFWGENFVHELYSTSSSSTSSSATKN
YLR196W,YLR196W_493,490,NKFIPGMMSTGAMGEKTVKLWKFPLDDATNTKGPSMVLSRDFDVGNVLTSSFAPDIEVAGTMVIG
YMR266W,YMR266W_500,495,LGLLTSLAPTVALAVLMSFLPKFIRGMAITQGAPSKQNVEYFTQQAYFAFQVIQVFLVTTLSSAA
YDL141W,YDL141W_497,496,CASTAVVTMPLQSPVTNRNISVVFVQYLSMLAYCKAILSYAPGFSDIPVRIKWPNDLYALSPTYY
YBR286W,YBR286W_502,497,DYVGFINNGIPAGGIATGAEKNNVNNGKVLDRCYHQLCDDVSNLSWDAFITNTKLIAHSVATYAD
YKL182W,YKL182W_503,499,NKDLVKNNVSFNAKDIQIPVYDTFDGSDLRVLSGSISERIVDCIIRLPVKWETTTQFKATHILDF
YGL099W,YGL099W_502,501,QTKSRDEGGNGDIPTAQELLVAYARARGYMTQGYGSADEPRASRYILKDYVNGKLLYVNPPPHLE
YNR013C,YNR013C_505,501,LLTFNLTPFTQDSLQKNCFAILIYASLLWATETIPLFVTSLMIPLLIVVFPVIKDPITSQPMSPR
YJL069C,YJL069C_504,502,VIRRWKDQGGVGITKIQVGGGTTTTCPALQISKIKQNRWLAVGSESGFVNLYDRNNAMTSSTPTP
YHR007C,YHR007C_503,503,EVDYGFGAISKGVSSPYLPFGGGRHRCIGEHFAYCQLGVLMSIFIRTLKWHYPEGKTVPPPDFTS
YLR314C,YLR314C_512,506,EMKTVFQQKVSEKEKKLQKSETELFARHKEMKEKLTKQLKALEDKKKQLELSINSASPNVNHSPV
YNL112W,YNL112W_510,506,RIGRTGRAGATGTAISFFTEQNKGLGAKLISIMREANQNIPPELLKYDRRSYGGGHPRYGGGRGG
YBR127C,YBR127C_514,507,AYEDRTVFESLDQAWSLLRIYPKEMLNRISPKILDEFYDRARDDADEDEEDPDTRSSGKKKDASQ
YMR058W,YMR058W_511,508,AFPEYPMRRDTLYVRPQSNFVIRFKADNPGVWFFHCHIEWHLLQGLGLVLVEDPFGIQDAHSQQL
YLR044C,YLR044C_513,510,VQEISTMIRWGLKPYLFVLNNDGYTIEKLIHGPKAQYNEIQGWDHLSLLPTFGAKDYETHRVATT
YGL009C,YGL009C_517,511,ALSRTHLMSPAMAAAAGIAGHFVDIREFEYKDQDQSSPKVEVTSEDEKELESAAYDHAEPVQPED
YMR205C,YMR205C_514,511,ADLTPISPSDVHKVLVDRLGLDTRITTLGHVQRGGTAVAYDRILATLQGLEAVNAVLESTPDTPS
YPR181C,YPR181C_515,513,HSYAIFFEIANTAANSNPMMSAPGSADRPHLAYTQFITTYQHSSGTNRIRVTTVANQLLPFGTPA
YMR246W,YMR246W_524,518,ANACVLEPEHFDYGIAGDLVGTITAKLVDVEDLGYFAKNNQGELLFKGAPICSEYYKNPEETAAA
YGR240C,YGR240C_521,519,DQLNPVTANDVKDALIELGLDTKVTILGHVQRGGTAVAHDRWLATLQGVDAVKAVLEFTPETPSP
YDL224C,YDL224C_523,521,NQKVNQGFLVSEQDTSTISRQKECSSTASASAFSKNNETNVAGSTTISQADLSLLAKVPPPANPA
YAL023C,YAL023C_524,522,MDQRGDEDPEKLHTLTTSFRIKNLEMGCYLAQTGNSLPEWGFRQQEVVCMKNPFKRDKRTWWNIE
YGL120C,YGL120C_524,522,SSTVLELKKLGIDDLVHFDFMDPPAPETMMRALEELNYLACLDDEGNLTPLGRLASQFPLDPMLA
YBR216C,YBR216C_529,525,LKNLSVFVTKTLLHVLLQKNCIQVNQQLRMITFTLLTRLLCLIPEKVAFEFILDVLKTSPLPLAK
YDR395W,YDR395W_527,526,MFLVARSLETIALYSEEFKDMNILSQLFELTYTNFLNSNVLPVQIEAADAIKCLIVSNPQIHPAV
YNL197C,YNL197C_530,528,EHMYPVNQSNTPQKVPPARLSSSRNSHKNNSTTSLSSNITGSASISQADLSLLARIPPPANPADQ
YDL185W,YDL185W_532,529,DHFFDYMQKSKFHLTIEGPKVLAYLLGLWIGDGLSDRATFSVDSRDTSLMERVTEYAEKLNLCAE
YDR341C,YDR341C_534,530,YEFKWERMLSFEGDTGPYLQYAHSRLRSVERNASGITQEKWINADFSLLKEPAAKLLIRLLGQYP
YHR042W,YHR042W_536,530,APPVVGVTTNLLRNIQLAQNNVNIAETNLPVHYDLNGPRKLFANYKLPVHVRRSNFRLPSNPSTP
YMR108W,YMR108W_533,530,IKPQTVIKKLSKVANDTGRHVIVTTGVGQHQMWAAQHWTWRNPHTFITSGGLGTMGYGLPAAIGA
YGL116W,YGL116W_539,531,SQVSSLHWGQSHTSTNGGMMNKEIVATGGNPENAISVYNYETKFKVAEVVHAHEARICCSQLSPD
YMR296C,YMR296C_534,531,LQKKSQTNKFIEPYEEEEKFLQSIVDHALINYNVLITRNTIVLKQETLPIVPSLKICCNAAMSPE
YMR307W,YMR307W_531,531,MGTNSASGSVDLGSGTESSTASSNASGSSSKSNSGSSGSSSSSSSSSASSSSSSKKNAATNVKAN
YER082C,YER082C_536,532,ANNKAKTNSDIPDVKPDVKGKNSGLRSFLRKKTQNVIDERKLRVQKQLDKEKNIRKRNHQIKQGL
YFR051C,YFR051C_534,532,IAANDAGALAFTIEAPYEDALYPMTVSFQESTRDKLAKSFTGMAIQSVVMANDHDQELPYDVITS
YGR116W,YGR116W_535,532,LEFKYANEINEMFINHTGKTGKKHLKNSSYEKFKASPLYQAVSDIGISAEDVGENISSQHQIHPP
YMR058W,YMR058W_534,532,KADNPGVWFFHCHIEWHLLQGLGLVLVEDPFGIQDAHSQQLSENHLEVCQSCSVATEGNAAANTL
YBR196C,YBR196C_536,533,PTTSILAQKITPATLGALIAYYEHVTFTEGAIWNINSFDQWGVELGKVLAKVIGKELDNSSTIST
YNL112W,YNL112W_533,533,KLISIMREANQNIPPELLKYDRRSYGGGHPRYGGGRGGRGGYGRRGGYGGGRGGYGGNRQRDGGW
YEL032W,YEL032W_537,534,FDKMTDVDRVAIHEVMEQQTVTIAKAGIHTTLNARCSVIAAANPVFGQYDVNRDPHQNIALPDSL
YPR145W,YPR145W_540,536,RQKEQFSDGVGYSWIDGLKDTAEAVISDEMFASPKAEWGSDIPTTKEAFWYRLKFDALFPQKTVA
YDR046C,YDR046C_542,537,MKVQGRSLDEVGYKANTGIWGSYYGVFFNMLVFMAQFWVALSPIGNGGKCDAQAFFESYLAAPLW
YDR345C,YDR345C_541,538,FTPFITGAINFYYGYVFMGCMVFAYFYVFFFVPETKGLTLEEVNDMYAEGVLPWKSASWVPTSQR
YLR028C,YLR028C_545,541,KRADKSNAIDLFVTGQRIEGPEKVDYESKFEEVPEPFTKEERLEWLSKLNNVSLSSDAFFPFPDN
YLR304C,YLR304C_548,542,THAFVASPELVTAFAIAGDLRFNPLTDKLKDKDGNEFMLKPPHGDGLPQRGYDAGENTYQAPPAD
YGR061C,YGR061C_545,543,MLIGLGGGAASSVASGEGSADLDFASVQRGNPEMERRCQQVIDACVALGNNNPIQSIHDVGAGGL
YJL012C,YJL012C_549,545,RKPPLPTNIEITRPGRSDNEDNDFDEDDEDDAALVAAMTNAPGNSLDIEESVGYGATSAPTSNTN
YGR094W,YGR094W_549,546,IEQLKEKNLYVGQEDNEMTIPTCSRSGDIIEPLLKPQWWVSQSEMAKDAIKVVRDGQITITPKSS
YLR060W,YLR060W_551,546,ERHWAAIYVGKNSGFEIIQGLLGKIMQTFRTEWIADYGAAASGRGYWIEEDDSVKTYFPGRGAKV
YLR259C,YLR259C_552,548,GKLIDEYGDDFAKGYDASKSEYTDMLATGIIDPFKVVRSGLVDASGVASLLATTEVAIVDAPEPP
YER036C,YER036C_552,550,DFQFWRGQLGRYGLTGEGQTVQMATLSEGQRSRVVFALLALEQPNVLLLDEPTNGLDIPTIDSLA
YNL176C,YNL176C_554,551,NDSFCHEIGRRTGFPTTAQAKEASLQAQDSGSQQRNTETASANNPFSNEFNFKARGNPPPVPPPR
YNL085W,YNL085W_556,552,NEPTTLTNRMSPSMFETINHLIVKTETSDEKEFSISEFITTINGSSNMAKDFISEKVIFPNSVPI
YKL029C,YKL029C_558,555,PLSNPTRLHEAVPADLMKWTNNNALVATGSPFPPVDGYRISENNNCYSFPGIGLGAVLSRATTIT
YLR106C,YLR106C_559,558,KFISLNKGAHTRVVSVRDLIKLCERLDILFKNNGINKPDQLIQSSVYDSIFSEAADCFAGAIGEF
YOR361C,YOR361C_565,563,ISVHEVADMNYAIPANTIRFYAPETKEKTDVIKRWSLVKEIPKTFANTVSWSPAGRFVVVGALVG
YKL101W,YKL101W_569,566,KTLHSLEIHSEDTSTVNQNNAITGVNTEINAPVLAQKSQFSINTLSQPESDKAEAEAVTLPPAIP
YGR054W,YGR054W_579,567,YKPPHARRTGGGRIVPGVPPGAAKKTIPGLVPGMSANKDANTKNRRRRANKKSSETSPDSTPAPS
YOL004W,YOL004W_569,567,QAQVEQQKQQQQFLYPASGYYGHPSNRGIPQQNLPPIGSFSPPTNGSTVHEAYQDQQHMQPPHFM
YDR060W,YDR060W_571,568,NTNGVVKSNSKSYEEKRKKNFKKGKHGGKSVKIEKTENEVLDEKNSKLFSALLTGINRAFPFAQI
YLR055C,YLR055C_573,568,GPVSCVKAMPNNKHLLCASRDNIRLYNVEIAVDASNSTTKSSKVPFLIVPGHHGGIISNLYLDPT
YMR006C,YMR006C_573,569,HSFNGNQSTLKMNYNVTERLGMIRNGFEAATMGNFTDDSNFLGCIGCAIIRRKQESLNATLPPEC
YBL039C,YBL039C_574,570,KDDTGKRCEILELKNHPYYIATQYHPEYTSKVLDPSKPFLGLVAASAGILQDVIEGKYDLEAGEN
YLR196W,YLR196W_572,570,SVRKSFKSELENVQARAKEEAQKIGKSSRIARKYTSNDNPDTVITIDDQGEDEEEREGGDEHDDM
YPL190C,YPL190C_578,577,DVQTFYKGSQGETKFDEYISISADDAVAIFNNIKNNRNNSRPTDYRAMSHQQNIYGAPPLPVPNG
YNR013C,YNR013C_581,578,SVIMLLLGGFTLAAALSKYNIAKVLSTHILASAGTNPHFILLTNMFVALFVSMWVSNVAAPVLCY
YDR129C,YDR129C_586,582,ITMKTLSSSGRDMSDSQILKWAQDQVTKGGKNSTIRSFKDQALSNAHFLLDVLNGIAPGYVDYDL
YKR001C,YKR001C_595,595,KGSQAMVMVEEKLHPRQVAVDPKTGKPLPTQPSSSKAPVMEEKSGFFGGFFSTKNKKKLAALESP
YML035C,YML035C_598,597,CKNLFQPLFEVTKNPQSHPKLHVFLQRVIGFDSVDDESKVDRRFHRKYPKPSLWEAPQNPPYSYY
YGR200C,YGR200C_602,600,QLQRHLLWPEVEKLYGHGFEITCLDISPDQKLIASACRSNNVQNAVIRIFSTENWLEIKPALPFH
YPL032C,YPL032C_602,600,NSNNSIPRKPSFPQLQQSANVRSNSRGMHGTNGAMSQPASAGNFVDPISSSIAAYDPQQPPSLPL
YGL116W,YGL116W_606,601,TVGGDENLKFYKIFDPRCTGRSREDGLMDGMLGLIGKEGCRTNDKENRSKNSSEIHTRRPSSTSQ
YGR240C,YGR240C_602,601,VKLTKSVATAIENKDFDKAISLRDTEFIELYENFLSTTVKDDGSELLPVSDRLNIGIVHVGAPSA
YDL224C,YDL224C_610,607,ELRQLFSNQQGFRRLSFRNKMNSHGHGNGHGHGPICFVEFEDVSFATRALAELYGSQLPHPRPSL
YGL008C,YGL008C_608,607,RHLGLRVKMLTGDAVGIAKETCRQLGLGTNIYNAERLGLGGGGDMPGSELADFVENADGFAEVFP
YKL104C,YKL104C_611,611,LKLEPRIKKLCATELKDQKSLLLLGRGYQFAAALEGALKIKEISYMHSEGVLAGELKHGVLALVD
YGL120C,YGL120C_617,612,NVFIRPTKDKKRADDAKNIFAHPDGDHITLLNVYHAFKSDEAYEYGIHKWCRDHYLNYRSLSAAD
YGR218W,YGR218W_616,614,IMYVVGQYPRFLKAHWNFLRTVILKLFEFMHETHEGVQDMACDTFIKIVQKCKYHFVIQQPRESE
YLL024C,YLL024C_623,614,DKLEQADKDAVTKKAEETIAWLDSNTTATKEEFDDQLKELQEVANPIMSKLYQAGGAPEGAAPGG
YAL005C,YAL005C_623,619,ADKDTVTKKAEETISWLDSNTTASKEEFDDKLKELQDIANPIMSKLYQAGGAPGGAAGGAPGGFP
YER070W,YER070W_629,628,ILQFDMWDQKPYGMWDWDTLRKDIMKHGVRNSLTMAPMPTASTSQILGYNECFEPVTSNMYSRRV
YDL185W,YDL185W_636,631,AIVGLGFLKDGVKNIPSFLSTDNIGTRETFLAGLIDSDGYVTDEHGIKATIKTIHTSVRDGLVSL
YMR108W,YMR108W_636,635,NNEEQGMVTQWQSLFYEHRYSHTHQLNPDFIKLAEAMGLKGLRVKKQEELDAKLKEFVSTKGPVL
YNL085W,YNL085W_643,636,VLLEFFTFDFKEKLLEPTRWGEVFLKLNELNIDSKYHESVIIFLVFLKCDVLKLDEEVQPPAPSA
YJL010C,YJL010C_638,638,TLYKERIARALVLETEKVKNSIYGRQVWKNWKLELYVRKMWDWKKLIKEQEFEIFPNSKPLQPKP
YMR205C,YMR205C_651,647,KIAIVNVGAPAGGINSAVYSMATYCMSQGHRPYAIYNGWSGLARHESVRSLNWKDMLGWQSRGGS
YGR204W,YGR204W_652,649,RIGRVVVAADVNRSPVTVEDVGCTGALTALLRDAIKPNLMQTLEGTPVLVHAGPFANISIGASSV
YNL212W,YNL212W_651,650,YDRLGIRAKTAIPSLGQAIKFITTSADGKWLLATCESTLLLMDLKIKDGKNAGNIGFLKSFPASE
YGL008C,YGL008C_658,657,ADFVENADGFAEVFPQHKYRVVEILQNRGYLVAMTGDGVNDAPSLKKADTGIAVEGATDAARSAA
YPL043W,YPL043W_662,657,DLGKGRRLCVEFAIENSNVVKRRREQLKQARTKRTRPDNEDTGDVGESENKKPKKEEATTPTNPD
YNR013C,YNR013C_666,662,LILGIALASNIGGMSSPIASPQNIFSIGIMDPSPSWAEWFMIALPVCFICVMAIWVLLIITFPPE
YLR304C,YLR304C_665,663,RGHLENISNNYMIGAINAENKKANCVKNVYTGEYKGVPDTARDYRDQGIKWVVIGDENFGEGSSR
YGL094C,YGL094C_669,668,NSSESIKRNMPQKFNRFLLSQLIKEEAQTVNHNITLNQCFGLETEIRTECSCDHYDTTVKLLPSL
YMR080C,YMR080C_672,669,KAADAGLKQSLFERLISLGHVPIRLEVQYRMNPYLSEFPSNMFYEGSLQNGVTIEQRTVPNSKFP
YLR249W,YLR249W_680,676,KLRKYKGNFTEFVKKCPAAKAYEELSNTDLEFKFPEPGYLEGVKTKQKAIVKVTNMEFQYPGTSK
YMR049C,YMR049C_678,677,NTSVLIHQVSKHLTQSPFKKSKGIIMDAKFHPFKPQLFVCSQRYVRIYDLSQQILVKKLLPGARW
YDL185W,YDL185W_682,679,ATIKTIHTSVRDGLVSLARSLGLVVSVNAEPAKVDMNGTKHKISYAIYMSGGDVLLNVLSKCAGS
YKL205W,YKL205W_687,686,LVNEITNKISPLLHIKVTSINAQGTDDNDTIFDNQLYIFEGIGFIITLNNSSQELTAATANTPID
YDL185W,YDL185W_689,687,SVRDGLVSLARSLGLVVSVNAEPAKVDMNGTKHKISYAIYMSGGDVLLNVLSKCAGSKKFRPAPA
YJL012C,YJL012C_699,696,ISILLGGVSTTLLTYGSPTAMIGSIGFFITSLAVLIRTVMVYAKRVVNIRLKRAVDYEDKIGPGM
YKL210W,YKL210W_701,697,PNFVEQTLKQSGDVKGVLESISDSLSSKPHNFEDCIKWARLEFEKKFNHDIKQLLFNFPKDAKTS
YDL164C,YDL164C_698,698,TGEFETCCKIGTGFSDEMLQLLHDRLTPTIIDGPKATFVFDSSAEPDVWFEPTTLFEVLTADLSL
YFR009W,YFR009W_699,698,ITGTLGLQKMQLLSGGQKSRVAFAALCLNNPHILVLDEPSNHLDTTGLDALVEALKNFNGGVLMV
YPR159W,YPR159W_705,701,WQYIFFPVVMSIDYVRIYQPSNAISVTCDPSDYPTYDYIQSHLNAFQNANLTTWEDAGYTFPKNI
YOR270C,YOR270C_702,702,VCIPWLLLVKPLHFKFTHKKKSHEPLPSTEADASSEDLEAQQLISAMDADDAEEEEVGSGSHGED
YEL032W,YEL032W_712,711,TIPFLRKYVQYAKERVIPQLTQEAINVIVKNYTDLRNDDNTKKSPITARTLETLIRLATAHAKVR
YGL234W,YGL234W_715,712,ALPWDAPCPWDESKTLGEGILEPTKIYVKQLLPSIRQRLLLGLAHITGGGLVENIPRAIPDHLQA
YDL190C,YDL190C_718,714,IPSYKNQLIWQSQNNADFFVRFVARMLNDLTFLLDEGLSNLAEVHNIQNELDNRARGAPPTREEE
YGR061C,YGR061C_716,714,ETITEALNLPEANLSEIPSLQDAIQRVLNLPSVGSKSFLITIGDRSVTGLIDRDQFVGPWQVPVA
YHR027C,YHR027C_718,718,PTKNEEAEIEVDEMEVDAEGEEVEVKAEITEKKNGESLEGEEIKSEEKKGKSSDKDATTDGKNDD
YHR205W,YHR205W_726,720,DGRELRAHPFFADIDWEALKQKKIPPPFKPHLVSETDTSNFDPEFTTASTSYMNKHQPMMTATPL
YGL120C,YGL120C_723,723,RSGAKGYITVKDNQDVLIHPSTVLGHDAEWVIYNEFVLTSKNYIRTVTSVRPEWLIEIAPAYYDL
YOR153W,YOR153W_725,723,SEAMVPASMLLLALSMYTGFAIPKKKILRWSKWIWYINPLAYLFESLLINEFHGIKFPCAEYVPR
YJR059W,YJR059W_730,726,KENLKKDEVKNGDKDKVIEEATTTNVDSILEKPTPTSTKVEDNLSEDDSTMKELKSMLNSTPTTP
YDL185W,YDL185W_728,727,MSGGDVLLNVLSKCAGSKKFRPAPAAAFARECRGFYFELQELKEDDYYGITLSDDSDHQFLLANQ
YKL182W,YKL182W_734,728,LRSKGYPIQFLTIGAGVPSLEVASEYIETLGLKYLGLKPGSIDAISQVINIAKAHPNFPIALQWT
YJR059W,YJR059W_736,735,KNGDKDKVIEEATTTNVDSILEKPTPTSTKVEDNLSEDDSTMKELKSMLNSTPTTPTHNGPTPLP
YGL008C,YGL008C_746,744,FHRMYSYVVYRIALSLHLEIFLGLWIAILDNSLDIDLIVFIAIFADVATLAIAYDNAPYSPKPVK
YGR061C,YGR061C_753,747,GSKSFLITIGDRSVTGLIDRDQFVGPWQVPVADVGVTGTSLGETIISTGEAMAMGEKPVNALISA
YOR151C,YOR151C_747,747,GLVEYIDAEEEESILIAMQPEDLEPAEANEENDLDVDPAKRIRVSHHATTFTHCEIHPSMILGVA
YPL190C,YPL190C_768,764,HAQQQLVGLIQSMQGQAPQQQQQQLGGYSSMNSSSPPPMSTNYNGQNISAKPSAPPMSHQPPPPQ
YPR135W,YPR135W_770,764,LLLSKWRSPEESKWLPILDSNMEIWKMSGGKETTDIHVWPLALAYDTLNCILVKGKHIWPEFPLP
YPL141C,YPL141C_770,767,SKSSNIAKATAQKHVNNHLERSLNEAESTKKRFSFLSLYSYDTSKSSLYSSMDSKRKPSPPSQRR
YBL076C,YBL076C_771,769,EMGQYKLYTVVPKLLNFIDELTNWYIRFNRRRLKGENGVEDCLKALNSLFDALFTFVRAMAPFTP
YKL182W,YKL182W_770,769,IDAISQVINIAKAHPNFPIALQWTGGRGGGHHSFEDAHTPMLQMYSKIRRHPNIMLIFGSGFGSA
YLR347C,YLR347C_773,771,NIGADFIPYLNDIMALCVAAQNTKPENGTLEALDYQIKVLEAVLDAYVGIVAGLHDKPEALFPYV
YPL032C,YPL032C_777,771,QFSSSTMIEVTNNNNKVNNSSSNPDISTNSVVHNAMQFTNTNNNTSSTVDINDPKNIAPPPTTSV
YMR205C,YMR205C_774,773,PATLSNNVPGTEYSLGSDTALNALMEYCDVVKQSASSTRGRAFVVDCQGGNSGYLATYASLAVGA
YOR153W,YOR153W_775,773,EFHGIKFPCAEYVPRGPAYANISSTESVCTVVGAVPGQDYVLGDDFIRGTYQYYHKDKWRGFGIG
YNL212W,YNL212W_777,774,LNQDGSNNYPYRIRRYNADVVADNFEFGSDKKVIVALKDDVSLSKVKSFKQPSKGVLMPSASLQD
YDR385W,YDR385W_787,784,QEPVFLVEIQCPEQAVGGIYSVLNKKRGQVVSEEQRPGTPLFTVKAYLPVNESFGFTGELRQATG
YOR086C,YOR086C_788,785,MDVETVNKDRSLGEFNVNVQDLFKKDENDKYEETIDEKAKVGRLVMPKKKPKGTITYYTSFYPAL
YPL226W,YPL226W_795,793,TDITSLIVSHDSGFLDTVCTDIIHYENKKLAYYKGNLAAFVEQKPEAKSYYTLTDSNAQMRFPPP
YJL020C,YJL020C_803,800,PALSAPSIPPVPPTPPAPPAPPAPLALPKHNEVEEHVKSSAPLPPVSEEYHPMPNTAPPLPRAPP
YDL195W,YDL195W_804,801,IASGKSLPAQNPATATTSKAKYTNAKTNKNVPVLPTPGMPSTTSIPSMQAPFYGMTPGASANALP
YNL313C,YNL313C_809,809,IEKLVELLVTSEYPEEPQQLSYFQKSCTEFICNTLPQVITTSARCWRLVARVELWRKRPWAALEC
YHR027C,YHR027C_816,815,MSLRHFGHLMHYGNEHIRRMVPLAMGIVSVSDPQMKVFDTLTRFSHDADLEVSMNSIFAMGLCGA
YPL019C,YPL019C_817,815,YRTYLKRLTLIKGRSGKHLDAPVGPILVAVVLIVTLVVNFSVAFKEAARRERGLVNVSSQPSLPR
YGL008C,YGL008C_824,819,IILGIVLAIGSWITLTTMFLPKGGIIQNFGAMNGIMFLQISLTENWLIFITRAAGPFWSSIPSWQ
YBR086C,YBR086C_822,820,AKSSAESSNATNNNTLGTESKLLPDGDAVDALSRKIDQIPKIAVTGGENNENTQAKDDAATKTPL
YBL104C,YBL104C_821,821,LNDTDLTTFLDRTSSTVIENGELEGLILTGITPNGIDLLQSYVNKTSDVQSAALISIFGSPRYFR
YOL098C,YOL098C_823,821,LGDISKIDDVYEPWNPLIKCLNIAHPVEKLKIPPVPRALDTISSICRTPGEKAFIITTPASESAY
YGL137W,YGL137W_830,827,AAFLGSTYGLGDDAVNDIVTKWKENLILNGKNTVSERVCGAEGLPGSSSSGDAQPLIDLDSTPAP
YMR012W,YMR012W_836,836,ELTEDLKLNDEEIKKPTDGKPVVVAYDELVPLIKISELEIVSRSLKHVLKDLSKDVPVFLVPSLV
YNL287W,YNL287W_840,836,IVMEGFLNNLTFTTKEINPDTNEPFDGDEGFQDEYEIDSIFLNAGDYVKSSFTGNFSATFDELPC
YER070W,YER070W_856,844,SYAASDFVPAAVTANATIPSLDSSSEASREASPAPTGSHSLTKGMAELNVQESKVEVPEVPAPTK
YDL195W,YDL195W_857,853,YGMTPGASANALPPKPYVPATTTSAPVHTEGKYAPPSQPSMASPFVNKTNSSTRLNSFAPPPNPY
YOR207C,YOR207C_858,853,VLKRYANHTQDIIGGMRVDENGDPIWQHQSLGPDGLGEVGMKVQSGQIYINKSVPTNSADAPNPN
YDR293C,YDR293C_855,854,RIKSTWVGESTISPSNILSLEQLDEKLSTGSPTSYLSTVQEIARSFYARRINDPEATLLPTLSLL
YIL125W,YIL125W_856,854,LANEDPRYFPSEEKLQRQHQDCNFQVVYPTTPANLFHILRRQQHRQFRKPLALFFSKQLLRHPLA
YGR240C,YGR240C_856,856,ASIREDITLLKENFRHDKGENRNGKLLVRNEQASSVYSTQLLADIISEASKGKFGVRTAIPGHVQ
YOR116C,YOR116C_862,857,GSKGSTLNVSQMVAVVGQQIISGNRVPDGFQDRSLPHFPKNSKTPQSKGFVRNSFFSGLSPPEFL
YGL008C,YGL008C_862,858,ISLTENWLIFITRAAGPFWSSIPSWQLAGAVFAVDIIATMFTLFGWWSENWTDIVTVVRVWIWSI
YJL020C,YJL020C_866,863,PPVPPATFEFDSEPTATHSHTAPSPPPHQNVTASTPSMMSTQQRVPTSVLSGAEKESRTLPPHVP
YKL101W,YKL101W_868,864,SSFPIFEKENTLSSSYLEEQKPKRAALSDITNSFNKMNKQEGMRIEKKIQREQLQKKNDRPSPLK
YDL185W,YDL185W_869,866,MIADSSSRWAEALREISGRLGEMPADQGFPAYLGAKLASFYERAGKAVALGSPDRTGSVSIVAAV
YGL137W,YGL137W_869,867,AEGLPGSSSSGDAQPLIDLDSTPAPEQADENKEAEVEDSEFKESNSEAVEAEKKEEEAPQQQQSE
YPR010C,YPR010C_872,872,LNRNRGDPITQHFGFGNDEWPKEWLEKLDEDGLPYIGTYVEEGDPICAYFDDTLNKTKIKTYHSS
YGR218W,YGR218W_881,877,VVEKVGHMIPQGVILILQSVFECTLDMINKDFTEYPEHRVEFYKLLKVINEKSFAAFLELPPAAF
YER110C,YER110C_889,879,EEDVPRDEELDASETEATLQDVALEVLVSLSQALAGDFAKVFDNFRPVVFGLFQSKSKNKRSSAV
YEL031W,YEL031W_881,881,GALKQAHVGIALLNGTEEGLKKLGEQRRLEGMKMMYIKQTEFMARWNQPQPPVPEPIAHLFPPGP
YGR061C,YGR061C_884,882,MSMKMKWDDKEVTAPLSLNITAFAPVFNTSKTWTPLLNRNTDDSVLVLVDLSAKQETKSLGASAL
YGL173C,YGL173C_892,890,TKPAETQDKKLFNSLKNSMLRMYAKQKAVKIGPMEAIATVFPVTGLVRDSDGGYIKTFSPTPDYY
YKL101W,YKL101W_891,891,SDITNSFNKMNKQEGMRIEKKIQREQLQKKNDRPSPLKPIQHQELRVNSLPNDQGKPSLSLDPRR
YLR249W,YLR249W_904,900,PRGELVESHSKMVAEVDMKEALASGQFRPLTRKEIEEHCSMLGLDPEIVSHSRIRGLSGGQKVKL
YDL145C,YDL145C_916,909,EEPLGEENFNDEDIGEDEGAWDLGDEDLDVGEELPEEVEQGEITSPAQEVETAIWIKNSKLPAVL
YBR079C,YBR079C_939,929,PYSFRAGNREPPSTPSTLPKATVSPDKAKLDMIAQKQREMEEAIEQRLAGRTAGGSSPATPATPA
YIL075C,YIL075C_932,929,NMTRILPQQSRYISFIKDDRFVPVRKFKGNNGVVVLRDREPKEPVALIETVRQMKDVNAPLPTPF
YGR240C,YGR240C_937,933,ASRFAVKCIKFIEQWNKKNEASPNTDAKVLRFKFDTHGEKVPTVEHEDDSAAVICVNGSHVSFKP
YGR061C,YGR061C_936,934,AKQETKSLGASALLQVYNQVGNKSPTVYDNAILKGFLESLIQLHQQKEDIVLAYHDRSDGGLLIT
YOR153W,YOR153W_942,936,EVQIKAETRRILNNVDGWVKPGTLTALMGASGAGKTTLLDCLAERVTMGVITGDILVNGIPRDKS
YAL035W,YAL035W_940,940,IIGVDVLEGTLRVGTPICAVKTDPTTKERQTLILGKVISLEINHQPVQEVKKGQTAAGVAVRLED
YDL195W,YDL195W_947,943,GMPIMGDYNAQSSSIPSQPPINAVSGQTPHLNRKANDGWNDLPLKVKEKPSRAKAVSVAPPNILS
YPR010C,YPR010C_954,951,SNKFQELQTVSIKYRIRRTPQIGDKFSSRHGQKGVCSRKWPTIDMPFSETGIQPDIIINPHAFPS
YJL130C,YJL130C_959,954,KISSFGTKEELPSLVLRQAKQLGFDDRQIARFLDSNEVAIRRLRKEYGITPFVKQIDTVAAEFPA
YDL145C,YDL145C_961,958,VETAIWIKNSKLPAVLVAAGAFDAAVQALSKQVGVVKLEPLKKYFTNIYEGCRTYIPSTPCELPA
YDL195W,YDL195W_968,962,PINAVSGQTPHLNRKANDGWNDLPLKVKEKPSRAKAVSVAPPNILSTPTPLNGIPANAASTMPPP
YEL031W,YEL031W_965,962,TPEIRKAVEEANSKPVEVIKPNGLSEKKPADLASLLLNSAGDAQGDEAPALKLGDASCAAPFTSK
YLR249W,YLR249W_988,982,PTNYLDRDSLGALSKALKEFEGGVIIITHSAEFTKNLTEEVWAVKDGRMTPSGHNWVSGQGAGPR
YMR109W,YMR109W_1004,998,ESAPKYGDIYKSSTISVRRGNPPNSQVHKKPRKKSSISSGYHASSSQATRRPVSIAAAQHVPTAP
YMR109W,YMR109W_1017,1012,ISVRRGNPPNSQVHKKPRKKSSISSGYHASSSQATRRPVSIAAAQHVPTAPASRHSKKPAPPPPG
YMR012W,YMR012W_1020,1016,TFSLSDLTIIPRVKFSEYTSSVSEEFWAQGASMINEDKQSALTLLAQSITVLEDVNNILHPAVAE
YLR106C,YLR106C_1032,1028,LYVTDIIHIYGLRRSLYDGFCMSFLTLLDQKSEAILKPVIEKFTLGRLKNVKSIMSQTPPSPGPD
YDL195W,YDL195W_1043,1039,SPPPLHKNSRVPSLVATSESPRASISNPYAPPQSSQQFPIGTISTANQTSNTAQVASSNPYAPPP
YMR109W,YMR109W_1048,1047,RRPVSIAAAQHVPTAPASRHSKKPAPPPPGMQNKAATRRSVPNPASTLTASQSNARPSPPTAATR
YMR109W,YMR109W_1079,1074,PPGMQNKAATRRSVPNPASTLTASQSNARPSPPTAATRATPAATPAAAAMGSGRQANIPPPPPPP
YOL004W,YOL004W_1091,1089,EESLYSHKQNVSESSGSDDGSSIASRKRPYQQEMSLLDILHRSRYQKLKRSNDEDGKVPQLSEPP
YDL195W,YDL195W_1108,1094,ASSNPYAPPPQQRVATPLSGGVPPAPLPKASNPYAPTATTQPNGSSYPPTGPYTNNHTMTSPPPV
YDL140C,YDL140C_1096,1096,LTKQAFDWVLSNIEAQFLRSVVHPGEMVGVLAAQSIGEPATQMTLNTFHFAGVASKKVTSGVPRL
YDR170C,YDR170C_1099,1099,SRDLTREAYNQVSKEISSKTELVFKNLNKNKGGPDVYYAASHVEHVKSIFETLWMSFLAALTPPF
YMR012W,YMR012W_1103,1100,AFCRKACTIYERVSGIDSFEMMRALTNLAILEFSNESPYNATVVYNRLAEILKVYELPKIHHPAP
YOR153W,YOR153W_1118,1116,ANHGQAILCTIHQPSAILMQEFDRLLFMQRGGKTVYFGDLGEGCKTMIDYFESHGAHKCPADANP
YBL105C,YBL105C_1122,1120,KDPEKRLGAGPRDADEVMEEPFFRNINFDDILNLRVKPPYIPEIKSPEDTSYFEQEFTSAPPTLT
YDL195W,YDL195W_1139,1134,QPNGSSYPPTGPYTNNHTMTSPPPVFNKPPTGPPPISMKKRSNKLASIEQNPSQGATYPPTLSSS
YNR016C,YNR016C_1140,1138,NYVVFDVLLQFLTHQDPVVTAAAAQVYIRRAYRAYTIGDIRVHEGVTVPIVEWKFQLPSAAFSTF
YBL047C,YBL047C_1157,1151,ESVSSIQESPKISAQPKAKTINEEFPPIQELHIDESDSSSSDDDEFEDTREIPSATVKTLQTPYN
YBR218C,YBR218C_1177,1174,VKVHKGSLVKKGESIAVLSAMKMEMVVSSPADGQVKDVFIKDGESVDASDLLVVLEEETLPPSQK
YLR256W,YLR256W_1195,1191,KYNYAIRMNKSTGFFVSLLDTPSKKSDSKSGGSSFMLGNWKHPKVSNMSGFLAGDKDQLQKCPVY
YNR016C,YNR016C_1209,1208,KMGMNRAVSVSDLSYVANSQSSPLREGILMAVDHLDDVDEILSQSLEVIPRHQSSSNGPAPDRSG
YOR341W,YOR341W_1217,1216,SSDGVNEKKFRALMQLKYMRSLINPGEAVGIIASQSVGEPSTQMTLNTFHFAGHGAANVTLGIPR
YOR341W,YOR341W_1232,1231,LKYMRSLINPGEAVGIIASQSVGEPSTQMTLNTFHFAGHGAANVTLGIPRLREIVMTASAAIKTP
YNL271C,YNL271C_1242,1237,SAASAFDKAEKDMRQHVENGKQGRVVNHEEDKTADFSAVSKLNNTDGAEDLSTQSSVLSSQPPPP
YDL171C,YDL171C_1276,1269,KFKGQPEHVINFFYYLIQDLRQIMAKLGFRTIDEMVGHSEKLKKRDDVNAKAINIDLSPILTPAH
YNL271C,YNL271C_1287,1281,TDGAEDLSTQSSVLSSQPPPPPPPPPPVPAKLFGESLEKEKKSEDDTVKQETTGDSPAPPPPPPP
YDR127W,YDR127W_1284,1282,VDVVKFVGTAVNFEDNLRLEHFRDTHKNKPLIAVNMTSKGSISRVLNNVLTPVTSDLLPNSAAPG
YCR093W,YCR093W_1291,1287,KERRADQPFITQNTNPYSLSLPEPLGLKNTGVTPQQFRVYEEFGKNIPNLDVIPFAGLPAHAPPM
YNL271C,YNL271C_1305,1304,PPPPVPAKLFGESLEKEKKSEDDTVKQETTGDSPAPPPPPPPPPPPPMALFGKPKGETPPPPPLP
YIR006C,YIR006C_1315,1312,STSTFDARAAEMQRRIQRGLDEDEDDGWSDEDESNNRVAVDNKVEEAKIGHPDHARAPPVTAAPL
YIR006C,YIR006C_1322,1322,EMQRRIQRGLDEDEDDGWSDEDESNNRVAVDNKVEEAKIGHPDHARAPPVTAAPLPSVTPVPPAV
YIR006C,YIR006C_1358,1358,AKIGHPDHARAPPVTAAPLPSVTPVPPAVPVPQANTSNEKSSPIPIAPIPPSVTQEPPVPLAPPL
YPL231W,YPL231W_1370,1365,ATSVESVDIGVETILSGKARICIVGGYDDFQEEGSFEFGNMKATSNTLEEFEHGRTPAEMSRPAT
YIR006C,YIR006C_1405,1402,PIAPIPPSVTQEPPVPLAPPLPAVDGFQEPPIPSAPAIATAVQKSGSSTPALAGGVLPPPPPLPT
YPL231W,YPL231W_1410,1408,TSNTLEEFEHGRTPAEMSRPATTTRNGFMEAQGAGIQIIMQADLALKMGVPIYGIVAMAATATDK
YGL173C,YGL173C_1417,1417,VANQYSDGIGSNLNIPTPPHPMNVVGGPIPGANDVADVGLPYNIPPGFMTHPNGLHPLHPHQMPY
YNR016C,YNR016C_1432,1431,LEVTDTSNSDLNHIFINFIAVFDISPEDVEAAFGGFLERFGKRLLRLRVSSAEIRIIIKDPQTGA
YGL173C,YGL173C_1446,1444,PIPGANDVADVGLPYNIPPGFMTHPNGLHPLHPHQMPYPNMNGMSIPPPAPHGFGQPISFPPPPP
YDL140C,YDL140C_1549,1542,DLDVKDELMFSPLVDSGSNDAMAGGFTAYGGADYGEATSPFGAYGEAPTSPGFGVSSPGFSPTSP
YPL085W,YPL085W_1589,1587,EPQMASLRRVRTDQHTNEKALKSQQILEKKSTAYTPQFGQNHSVPMEKSNSNVPSLFADFPAPPK
YIL149C,YIL149C_1610,1607,FNDSQSMVTNKENNIVDSSAAGNKAIPTFSFGKPFFSSNTSSLQSFQNPFTASQSNINTNAPLRT
YDL140C,YDL140C_1624,1616,SPTSPSYSPTSPSYSPTSPSYSPTSPSYSPTSPSYSPTSPSYSPTSPSYSPTSPSYSPTSPSYSP
YPL085W,YPL085W_1653,1650,PKLGTVPSNYVSSPDLVRRESIISTGSEFLPPPKIGVPTKANSSQGSLMYSPSVEALPIDPVVPQ
YDL140C,YDL140C_1662,1657,YSPTSPSYSPTSPSYSPTSPSYSPTSPSYSPTSPSYSPTSPSYSPTSPSYSPTSPSYSPTSPAYS
YDL140C,YDL140C_1681,1677,SYSPTSPSYSPTSPSYSPTSPSYSPTSPSYSPTSPSYSPTSPAYSPTSPSYSPTSPSYSPTSPSY
YDL140C,YDL140C_1702,1701,PTSPSYSPTSPSYSPTSPAYSPTSPSYSPTSPSYSPTSPSYSPTSPSYSPTSPNYSPTSPSYSPT
YPL231W,YPL231W_1720,1718,DYLYGAITEDRYNEYVAKVSAREKSAYKFFHNGMIYNKLFVSKEHAPYTDELEEDVYLDPLARVS
YJL130C,YJL130C_1720,1719,KEDLALIMTVKAKDPRVTCDVNIYSLFIAQDDYPEAVFLPTKEDQEFFWNNLDSIDAFSVGALPV
YLR106C,YLR106C_1727,1720,NENDLKSLRTECIIQLLKLCGDDLELQQIETNEIIVTQDELQVGMFKIPRFPDAQSSSFNLTAPT
YPL085W,YPL085W_1725,1720,YNDFGNKHSQKSMPEDESHTSHDNSNADQNTLKDSADVTDETMDIEGPGFNDVKNLLPMEPNHQP
YJL109C,YJL109C_1731,1727,KAIGALASNNSGVDEHNQILNKLIVEHMKASCSSNEKLWAIRAMKLIYSKIGESWLVLLPQLVPV
YLR342W,YLR342W_1779,1778,GYMAWTQPSRELTAKVIELSEFAADFVLGHVILICQLPLIIIPKIDKFHSIMLFWLKPSRQIRPP
YLR342W,YLR342W_1822,1818,IIPKIDKFHSIMLFWLKPSRQIRPPIYSLKQTRLRKRMVKKYCSLYFLVLAIFAGCIIGPAVASA
YJL130C,YJL130C_1848,1845,LDYSFRRNKRWSPFNKDMNGGIERVVYNGETLVLSGELVSPGAKGKCIVNPSPASITASAELQST
YPL231W,YPL231W_1850,1847,ERNFTPQEIEYCSAQPSVQSSFAGTWSAKEAVFKSLGVKSLGGGAALKDIEIVRVNKNAPAVELH
YDR170C,YDR170C_1900,1898,EDFAHCIPYKEAIRITRLLEKSYEFSRDFNEDYGLRTRLVEARVVDKIPNLLKQETSAAAVLLDI
YKL182W,YKL182W_1956,1952,VENQQYVAAGDLRALDTVTNVLNFIKLQKIDIIELQKSLSLEEVEGHLFEIIDEASKKSAVKPRP
YGL195W,YGL195W_2033,2028,EAAALSFDVFQDVVGKTAVDEVLPYLLHMLESSDNSDFALLGLQEIMSKKSDVIFPILIPTLLAP
YFL007W,YFL007W_2077,2073,LSDIVHNWKEEQPLLSLIERFAKGLDVNKYTSKERQKLSKTDIKIHGNVLGLGAIISAFPYVFPL
YPL085W,YPL085W_2080,2078,IDDKSNGWFGWLKKDTGDKKVYKAKLGHKNTLYYDEKLKRWVNKDATEEEKQKIIESSAPPPPPI
YPL085W,YPL085W_2103,2100,KAKLGHKNTLYYDEKLKRWVNKDATEEEKQKIIESSAPPPPPIVKRKDGGPKTKPRSGPINNSLP
YPL085W,YPL085W_2133,2131,IIESSAPPPPPIVKRKDGGPKTKPRSGPINNSLPPVHATSVIPNNPITGEPLPIKTSPSPTGPNP
YPL085W,YPL085W_2139,2138,PPPPIVKRKDGGPKTKPRSGPINNSLPPVHATSVIPNNPITGEPLPIKTSPSPTGPNPNNSPSPS
YGL195W,YGL195W_2246,2240,LVKPAKQSLALTGRQGQDVAAFKLPRGPNCVLPIFLHGLMYGSNDEREESALAIADVVSKTPAAN
YGL195W,YGL195W_2331,2328,IKAAILFALNVLFIKIPMFLRPFIPQLQRTFVKSLSDATNETLRLRAAKALGALIEHQPRVDPLV
YLR106C,YLR106C_2910,2907,DCLKLTLKELCSLIEEKTASETRVTFAEYIFPALDLAESSKSLEELGEAWITFGTGLLLLFVPDS